param_name,time_stamp,value
Machine1.MotorAmperage.U.Actual,10:52,48.03
Machine1.MotorAmperage.U.Actual,10:52,48.03
Machine1.MotorAmperage.U.Actual,10:52,48.16
Machine1.MotorAmperage.U.Actual,10:52,48.57
Machine1.MotorAmperage.U.Actual,10:52,48.57
Machine1.MotorAmperage.U.Actual,10:52,48.7
Machine1.MotorAmperage.U.Actual,10:52,48.7
Machine1.MotorAmperage.U.Actual,10:52,49.78
Machine1.MotorAmperage.U.Actual,10:52,49.37
Machine1.MotorAmperage.U.Actual,10:52,49.64
Machine1.MotorAmperage.U.Actual,10:52,49.37
Machine1.MotorAmperage.U.Actual,10:52,49.51
Machine1.MotorAmperage.U.Actual,10:52,49.51
Machine1.MotorAmperage.U.Actual,10:52,49.91
Machine1.MotorAmperage.U.Actual,10:52,49.64
Machine1.MotorAmperage.U.Actual,10:52,50.18
Machine1.MotorAmperage.U.Actual,10:52,49.64
Machine1.MotorAmperage.U.Actual,10:52,49.24
Machine1.MotorAmperage.U.Actual,10:52,48.97
Machine1.MotorAmperage.U.Actual,10:52,49.24
Machine1.MotorAmperage.U.Actual,10:52,49.68437937
Machine1.MotorAmperage.U.Actual,10:52,49.91
Machine1.MotorAmperage.U.Actual,10:52,49.64
Machine1.MotorAmperage.U.Actual,10:52,49.24
Machine1.MotorAmperage.U.Actual,10:52,49.51
Machine1.MotorAmperage.U.Actual,10:52,50.32
Machine1.MotorAmperage.U.Actual,10:52,50.18
Machine1.MotorAmperage.U.Actual,10:52,50.32
Machine1.MotorAmperage.U.Actual,10:53,49.24
Machine1.MotorAmperage.U.Actual,10:53,48.84
Machine1.MotorAmperage.U.Actual,10:53,49.1
Machine1.MotorAmperage.U.Actual,10:53,49.37
Machine1.MotorAmperage.U.Actual,10:53,49.78
Machine1.MotorAmperage.U.Actual,10:53,49.64
Machine1.MotorAmperage.U.Actual,10:53,49.38303911
Machine1.MotorAmperage.U.Actual,10:53,49.10871583
Machine1.MotorAmperage.U.Actual,10:53,48.84
Machine1.MotorAmperage.U.Actual,10:53,48.7
Machine1.MotorAmperage.U.Actual,10:53,49.24
Machine1.MotorAmperage.U.Actual,10:53,49.64
Machine1.MotorAmperage.U.Actual,10:53,49.91
Machine1.MotorAmperage.U.Actual,10:53,49.51
Machine1.MotorAmperage.U.Actual,10:53,48.84
Machine1.MotorAmperage.U.Actual,10:53,48.84
Machine1.MotorAmperage.U.Actual,10:53,49.64
Machine1.MotorAmperage.U.Actual,10:53,49.37
Machine1.MotorAmperage.U.Actual,10:53,49.37
Machine1.MotorAmperage.U.Actual,10:53,48.84
Machine1.MotorAmperage.U.Actual,10:53,48.97
Machine1.MotorAmperage.U.Actual,10:53,48.7
Machine1.MotorAmperage.U.Actual,10:53,49.1
Machine1.MotorAmperage.U.Actual,10:53,49.1
Machine1.MotorAmperage.U.Actual,10:53,49.1
Machine1.MotorAmperage.U.Actual,10:53,48.7
Machine1.MotorAmperage.U.Actual,10:53,48.43
Machine1.MotorAmperage.U.Actual,10:53,48.3
Machine1.MotorAmperage.U.Actual,10:53,48.57
Machine1.MotorAmperage.U.Actual,10:53,48.7
Machine1.MotorAmperage.U.Actual,10:53,47.62
Machine1.MotorAmperage.U.Actual,10:53,47.76
Machine1.MotorAmperage.U.Actual,10:53,47.89
Machine1.MotorAmperage.U.Actual,10:53,48.16
Machine1.MotorAmperage.U.Actual,10:53,48.7
Machine1.MotorAmperage.U.Actual,10:53,47.76
Machine1.MotorAmperage.U.Actual,10:53,47.36
Machine1.MotorAmperage.U.Actual,10:53,47.22
Machine1.MotorAmperage.U.Actual,10:53,48.03
Machine1.MotorAmperage.U.Actual,10:53,48.16
Machine1.MotorAmperage.U.Actual,10:53,48.43
Machine1.MotorAmperage.U.Actual,10:53,47.22
Machine1.MotorAmperage.U.Actual,10:53,46.95
Machine1.MotorAmperage.U.Actual,10:53,47.49
Machine1.MotorAmperage.U.Actual,10:53,47.76
Machine1.MotorAmperage.U.Actual,10:53,48.03
Machine1.MotorAmperage.U.Actual,10:53,47.36
Machine1.MotorAmperage.U.Actual,10:53,47.22
Machine1.MotorAmperage.U.Actual,10:53,47.36
Machine1.MotorAmperage.U.Actual,10:53,47.62
Machine1.MotorAmperage.U.Actual,10:53,48.03
Machine1.MotorAmperage.U.Actual,10:53,48.3
Machine1.MotorAmperage.U.Actual,10:53,47.49
Machine1.MotorAmperage.U.Actual,10:53,47.49
Machine1.MotorAmperage.U.Actual,10:53,47.49
Machine1.MotorAmperage.U.Actual,10:53,47.62
Machine1.MotorAmperage.U.Actual,10:53,47.62
Machine1.MotorAmperage.U.Actual,10:53,48.03
Machine1.MotorAmperage.U.Actual,10:53,47.62
Machine1.MotorAmperage.U.Actual,10:53,47.49
Machine1.MotorAmperage.U.Actual,10:53,47.89
Machine1.MotorAmperage.U.Actual,10:53,47.89
Machine1.MotorAmperage.U.Actual,10:54,47.49
Machine1.MotorAmperage.U.Actual,10:54,47.36
Machine1.MotorAmperage.U.Actual,10:54,47.49
Machine1.MotorAmperage.U.Actual,10:54,47.62
Machine1.MotorAmperage.U.Actual,10:54,47.89
Machine1.MotorAmperage.U.Actual,10:54,48.3
Machine1.MotorAmperage.U.Actual,10:54,48.43
Machine1.MotorAmperage.U.Actual,10:54,48.03
Machine1.MotorAmperage.U.Actual,10:54,47.76
Machine1.MotorAmperage.U.Actual,10:54,47.49
Machine1.MotorAmperage.U.Actual,10:54,47.62
Machine1.MotorAmperage.U.Actual,10:54,47.49
Machine1.MotorAmperage.U.Actual,10:54,47.22
Machine1.MotorAmperage.U.Actual,10:54,46.55
Machine1.MotorAmperage.U.Actual,10:54,46.55
Machine1.MotorAmperage.U.Actual,10:54,46.68
Machine1.MotorAmperage.U.Actual,10:54,46.82
Machine1.MotorAmperage.U.Actual,10:54,46.95
Machine1.MotorAmperage.U.Actual,10:54,46.14
Machine1.MotorAmperage.U.Actual,10:54,46.01
Machine1.MotorAmperage.U.Actual,10:54,46.14
Machine1.MotorAmperage.U.Actual,10:54,46.41
Machine1.MotorAmperage.U.Actual,10:54,46.14
Machine1.MotorAmperage.U.Actual,10:54,46.55
Machine1.MotorAmperage.U.Actual,10:54,46.01
Machine1.MotorAmperage.U.Actual,10:54,45.74
Machine1.MotorAmperage.U.Actual,10:54,46.14
Machine1.MotorAmperage.U.Actual,10:54,46.55
Machine1.MotorAmperage.U.Actual,10:54,46.41
Machine1.MotorAmperage.U.Actual,10:54,46.95
Machine1.MotorAmperage.U.Actual,10:54,46.28
Machine1.MotorAmperage.U.Actual,10:54,45.88
Machine1.MotorAmperage.U.Actual,10:54,46.82
Machine1.MotorAmperage.U.Actual,10:54,46.28
Machine1.MotorAmperage.U.Actual,10:54,45.88
Machine1.MotorAmperage.U.Actual,10:54,45.74
Machine1.MotorAmperage.U.Actual,10:54,45.88
Machine1.MotorAmperage.U.Actual,10:54,46.28
Machine1.MotorAmperage.U.Actual,10:54,46.82
Machine1.MotorAmperage.U.Actual,10:54,46.68
Machine1.MotorAmperage.U.Actual,10:54,47.22
Machine1.MotorAmperage.U.Actual,10:54,46.68
Machine1.MotorAmperage.U.Actual,10:54,46.41
Machine1.MotorAmperage.U.Actual,10:54,46.41
Machine1.MotorAmperage.U.Actual,10:54,46.55
Machine1.MotorAmperage.U.Actual,10:54,46.82
Machine1.MotorAmperage.U.Actual,10:54,47.62
Machine1.MotorAmperage.U.Actual,10:54,47.09
Machine1.MotorAmperage.U.Actual,10:54,46.68
Machine1.MotorAmperage.U.Actual,10:54,47.22
Machine1.MotorAmperage.U.Actual,10:54,47.22
Machine1.MotorAmperage.U.Actual,10:54,47.76
Machine1.MotorAmperage.U.Actual,10:54,47.36
Machine1.MotorAmperage.U.Actual,10:54,46.82
Machine1.MotorAmperage.U.Actual,10:54,46.68
Machine1.MotorAmperage.U.Actual,10:54,46.95
Machine1.MotorAmperage.U.Actual,10:54,47.22
Machine1.MotorAmperage.U.Actual,10:54,47.49
Machine1.MotorAmperage.U.Actual,10:54,46.82
Machine1.MotorAmperage.U.Actual,10:54,46.55
Machine1.MotorAmperage.U.Actual,10:55,46.41
Machine1.MotorAmperage.U.Actual,10:55,46.68
Machine1.MotorAmperage.U.Actual,10:55,46.68
Machine1.MotorAmperage.U.Actual,10:55,46.95
Machine1.MotorAmperage.U.Actual,10:55,46.55
Machine1.MotorAmperage.U.Actual,10:55,46.68
Machine1.MotorAmperage.U.Actual,10:55,46.95
Machine1.MotorAmperage.U.Actual,10:55,46.68
Machine1.MotorAmperage.U.Actual,10:55,46.55
Machine1.MotorAmperage.U.Actual,10:55,46.14
Machine1.MotorAmperage.U.Actual,10:55,45.88
Machine1.MotorAmperage.U.Actual,10:55,46.41
Machine1.MotorAmperage.U.Actual,10:55,46.68
Machine1.MotorAmperage.U.Actual,10:55,46.55
Machine1.MotorAmperage.U.Actual,10:55,46.68
Machine1.MotorAmperage.U.Actual,10:55,45.74
Machine1.MotorAmperage.U.Actual,10:55,45.74
Machine1.MotorAmperage.U.Actual,10:55,46.01
Machine1.MotorAmperage.U.Actual,10:55,46.14
Machine1.MotorAmperage.U.Actual,10:55,46.14
Machine1.MotorAmperage.U.Actual,10:55,46.01
Machine1.MotorAmperage.U.Actual,10:55,45.47
Machine1.MotorAmperage.U.Actual,10:55,45.74
Machine1.MotorAmperage.U.Actual,10:55,46.14
Machine1.MotorAmperage.U.Actual,10:55,46.28
Machine1.MotorAmperage.U.Actual,10:55,46.55
Machine1.MotorAmperage.U.Actual,10:55,46.14
Machine1.MotorAmperage.U.Actual,10:55,45.74
Machine1.MotorAmperage.U.Actual,10:55,45.74
Machine1.MotorAmperage.U.Actual,10:55,45.74
Machine1.MotorAmperage.U.Actual,10:55,45.34
Machine1.MotorAmperage.U.Actual,10:55,46.01
Machine1.MotorAmperage.U.Actual,10:55,45.61
Machine1.MotorAmperage.U.Actual,10:55,45.47
Machine1.MotorAmperage.U.Actual,10:55,45.34
Machine1.MotorAmperage.U.Actual,10:55,45.61
Machine1.MotorAmperage.U.Actual,10:55,45.74
Machine1.MotorAmperage.U.Actual,10:55,45.61
Machine1.MotorAmperage.U.Actual,10:55,45.07
Machine1.MotorAmperage.U.Actual,10:55,45.2
Machine1.MotorAmperage.U.Actual,10:55,45.47
Machine1.MotorAmperage.U.Actual,10:55,46.14
Machine1.MotorAmperage.U.Actual,10:55,46.14
Machine1.MotorAmperage.U.Actual,10:55,45.2
Machine1.MotorAmperage.U.Actual,10:55,44.8
Machine1.MotorAmperage.U.Actual,10:55,44.93
Machine1.MotorAmperage.U.Actual,10:55,45.2
Machine1.MotorAmperage.U.Actual,10:55,45.34
Machine1.MotorAmperage.U.Actual,10:55,45.61
Machine1.MotorAmperage.U.Actual,10:55,44.66
Machine1.MotorAmperage.U.Actual,10:55,44.4
Machine1.MotorAmperage.U.Actual,10:55,44.8
Machine1.MotorAmperage.U.Actual,10:55,45.34
Machine1.MotorAmperage.U.Actual,10:55,45.61
Machine1.MotorAmperage.U.Actual,10:55,45.61
Machine1.MotorAmperage.U.Actual,10:55,45.2
Machine1.MotorAmperage.U.Actual,10:55,45.2
Machine1.MotorAmperage.U.Actual,10:55,45.88
Machine1.MotorAmperage.U.Actual,10:55,45.74
Machine1.MotorAmperage.U.Actual,10:55,46.01
Machine1.MotorAmperage.U.Actual,10:56,45.61
Machine1.MotorAmperage.U.Actual,10:56,45.47
Machine1.MotorAmperage.U.Actual,10:56,45.47
Machine1.MotorAmperage.U.Actual,10:56,46.14
Machine1.MotorAmperage.U.Actual,10:56,46.14
Machine1.MotorAmperage.U.Actual,10:56,46.41
Machine1.MotorAmperage.U.Actual,10:56,46.01
Machine1.MotorAmperage.U.Actual,10:56,46.01
Machine1.MotorAmperage.U.Actual,10:56,45.88
Machine1.MotorAmperage.U.Actual,10:56,45.88
Machine1.MotorAmperage.U.Actual,10:56,46.01
Machine1.MotorAmperage.U.Actual,10:56,45.88
Machine1.MotorAmperage.U.Actual,10:56,45.74
Machine1.MotorAmperage.U.Actual,10:56,45.88
Machine1.MotorAmperage.U.Actual,10:56,46.28
Machine1.MotorAmperage.U.Actual,10:56,46.41
Machine1.MotorAmperage.U.Actual,10:56,46.68
Machine1.MotorAmperage.U.Actual,10:56,46.41
Machine1.MotorAmperage.U.Actual,10:56,46.28
Machine1.MotorAmperage.U.Actual,10:56,46.41
Machine1.MotorAmperage.U.Actual,10:56,46.68
Machine1.MotorAmperage.U.Actual,10:56,46.68
Machine1.MotorAmperage.U.Actual,10:56,47.36
Machine1.MotorAmperage.U.Actual,10:56,46.41
Machine1.MotorAmperage.U.Actual,10:56,46.28
Machine1.MotorAmperage.U.Actual,10:56,46.55
Machine1.MotorAmperage.U.Actual,10:56,46.82
Machine1.MotorAmperage.U.Actual,10:56,46.82
Machine1.MotorAmperage.U.Actual,10:56,46.41
Machine1.MotorAmperage.U.Actual,10:56,46.01
Machine1.MotorAmperage.U.Actual,10:56,46.01
Machine1.MotorAmperage.U.Actual,10:56,46.55
Machine1.MotorAmperage.U.Actual,10:56,46.55
Machine1.MotorAmperage.U.Actual,10:56,46.55
Machine1.MotorAmperage.U.Actual,10:56,46.01
Machine1.MotorAmperage.U.Actual,10:56,45.88
Machine1.MotorAmperage.U.Actual,10:56,45.88
Machine1.MotorAmperage.U.Actual,10:56,45.88
Machine1.MotorAmperage.U.Actual,10:56,45.61
Machine1.MotorAmperage.U.Actual,10:56,46.41
Machine1.MotorAmperage.U.Actual,10:56,45.88
Machine1.MotorAmperage.U.Actual,10:56,46.41
Machine1.MotorAmperage.U.Actual,10:56,46.82
Machine1.MotorAmperage.U.Actual,10:56,46.55
Machine1.MotorAmperage.U.Actual,10:56,46.41
Machine1.MotorAmperage.U.Actual,10:56,46.68
Machine1.MotorAmperage.U.Actual,10:56,46.68
Machine1.MotorAmperage.U.Actual,10:56,46.55
Machine1.MotorAmperage.U.Actual,10:56,46.82
Machine1.MotorAmperage.U.Actual,10:56,46.68
Machine1.MotorAmperage.U.Actual,10:56,46.95
Machine1.MotorAmperage.U.Actual,10:56,46.95
Machine1.MotorAmperage.U.Actual,10:56,46.82
Machine1.MotorAmperage.U.Actual,10:56,46.55
Machine1.MotorAmperage.U.Actual,10:56,47.09
Machine1.MotorAmperage.U.Actual,10:56,47.09
Machine1.MotorAmperage.U.Actual,10:56,47.49
Machine1.MotorAmperage.U.Actual,10:56,47.22
Machine1.MotorAmperage.U.Actual,10:56,47.36
Machine1.MotorAmperage.U.Actual,10:56,47.49
Machine1.MotorAmperage.U.Actual,10:57,48.03
Machine1.MotorAmperage.U.Actual,10:57,47.49
Machine1.MotorAmperage.U.Actual,10:57,47.36
Machine1.MotorAmperage.U.Actual,10:57,46.95
Machine1.MotorAmperage.U.Actual,10:57,47.09
Machine1.MotorAmperage.U.Actual,10:57,47.49
Machine1.MotorAmperage.U.Actual,10:57,48.03
Machine1.MotorAmperage.U.Actual,10:57,48.97
Machine1.MotorAmperage.U.Actual,10:57,48.3
Machine1.MotorAmperage.U.Actual,10:57,48.16
Machine1.MotorAmperage.U.Actual,10:57,49.1
Machine1.MotorAmperage.U.Actual,10:57,50.32
Machine1.MotorAmperage.U.Actual,10:57,49.24
Machine1.MotorAmperage.U.Actual,10:57,50.32
Machine1.MotorAmperage.U.Actual,10:57,50.58
Machine1.MotorAmperage.U.Actual,10:57,51.8
Machine1.MotorAmperage.U.Actual,10:57,53.41
Machine1.MotorAmperage.U.Actual,10:57,53.28
Machine1.MotorAmperage.U.Actual,10:57,53.28
Machine1.MotorAmperage.U.Actual,10:57,53.54
Machine1.MotorAmperage.U.Actual,10:57,53.28
Machine1.MotorAmperage.U.Actual,10:57,53.28
Machine1.MotorAmperage.U.Actual,10:58,88.53
Machine1.MotorAmperage.U.Actual,10:58,87.45
Machine1.MotorAmperage.U.Actual,10:58,87.32
Machine1.MotorAmperage.U.Actual,10:58,87.45
Machine1.MotorAmperage.U.Actual,10:58,87.18
Machine1.MotorAmperage.U.Actual,10:58,86.91
Machine1.MotorAmperage.U.Actual,10:58,87.45
Machine1.MotorAmperage.U.Actual,10:58,86.91
Machine1.MotorAmperage.U.Actual,10:58,86.91
Machine1.MotorAmperage.U.Actual,10:59,87.18
Machine1.MotorAmperage.U.Actual,10:59,87.85
Machine1.MotorAmperage.U.Actual,10:59,87.32
Machine1.MotorAmperage.U.Actual,10:59,87.72
Machine1.MotorAmperage.U.Actual,10:59,88.39
Machine1.MotorAmperage.U.Actual,10:59,87.85
Machine1.MotorAmperage.U.Actual,10:59,87.45
Machine1.MotorAmperage.U.Actual,10:59,87.58
Machine1.MotorAmperage.U.Actual,10:59,88.39
Machine1.MotorAmperage.U.Actual,10:59,87.99
Machine1.MotorAmperage.U.Actual,10:59,87.32
Machine1.MotorAmperage.U.Actual,10:59,87.18
Machine1.MaterialPressure.U.Actual,11:09,470.71
Machine1.MaterialPressure.U.Actual,11:10,477.6
Machine1.MaterialPressure.U.Actual,11:10,487.25
Machine1.MaterialTemperature.U.Actual,10:52,76.3
Machine1.MaterialTemperature.U.Actual,10:52,76.3
Machine1.MaterialTemperature.U.Actual,10:52,76.3
Machine1.MaterialTemperature.U.Actual,10:52,76.3
Machine1.MaterialTemperature.U.Actual,10:52,76.4
Machine1.MaterialTemperature.U.Actual,10:52,76.4
Machine1.MaterialTemperature.U.Actual,10:52,76.4
Machine1.MaterialTemperature.U.Actual,10:52,76.4
Machine1.MaterialTemperature.U.Actual,10:52,76.5
Machine1.MaterialTemperature.U.Actual,10:52,76.5
Machine1.MaterialTemperature.U.Actual,10:52,76.5
Machine1.MaterialTemperature.U.Actual,10:52,76.5
Machine1.MaterialTemperature.U.Actual,10:52,76.6
Machine1.MaterialTemperature.U.Actual,10:52,76.6
Machine1.MaterialTemperature.U.Actual,10:52,76.6
Machine1.MaterialTemperature.U.Actual,10:52,76.6
Machine1.MaterialTemperature.U.Actual,10:52,76.7
Machine1.MaterialTemperature.U.Actual,10:52,76.7
Machine1.MaterialTemperature.U.Actual,10:52,76.7
Machine1.MaterialTemperature.U.Actual,10:52,76.7
Machine1.MaterialTemperature.U.Actual,10:52,76.74999989
Machine1.MaterialTemperature.U.Actual,10:52,76.8
Machine1.MaterialTemperature.U.Actual,10:52,76.8
Machine1.MaterialTemperature.U.Actual,10:52,76.8
Machine1.MaterialTemperature.U.Actual,10:52,76.8
Machine1.MaterialTemperature.U.Actual,10:52,76.9
Machine1.MaterialTemperature.U.Actual,10:52,76.9
Machine1.MaterialTemperature.U.Actual,10:52,76.9
Machine1.MaterialTemperature.U.Actual,10:53,76.9
Machine1.MaterialTemperature.U.Actual,10:53,76.9
Machine1.MaterialTemperature.U.Actual,10:53,77.0
Machine1.MaterialTemperature.U.Actual,10:53,77.0
Machine1.MaterialTemperature.U.Actual,10:53,77.0
Machine1.MaterialTemperature.U.Actual,10:53,77.0
Machine1.MaterialTemperature.U.Actual,10:53,77.02564794
Machine1.MaterialTemperature.U.Actual,10:53,77.07435206
Machine1.MaterialTemperature.U.Actual,10:53,77.1
Machine1.MaterialTemperature.U.Actual,10:53,77.1
Machine1.MaterialTemperature.U.Actual,10:53,77.1
Machine1.MaterialTemperature.U.Actual,10:53,77.1
Machine1.MaterialTemperature.U.Actual,10:53,77.2
Machine1.MaterialTemperature.U.Actual,10:53,77.2
Machine1.MaterialTemperature.U.Actual,10:53,77.2
Machine1.MaterialTemperature.U.Actual,10:53,77.2
Machine1.MaterialTemperature.U.Actual,10:53,77.2
Machine1.MaterialTemperature.U.Actual,10:53,77.3
Machine1.MaterialTemperature.U.Actual,10:53,77.3
Machine1.MaterialTemperature.U.Actual,10:53,77.3
Machine1.MaterialTemperature.U.Actual,10:53,77.3
Machine1.MaterialTemperature.U.Actual,10:53,77.4
Machine1.MaterialTemperature.U.Actual,10:53,77.4
Machine1.MaterialTemperature.U.Actual,10:53,77.4
Machine1.MaterialTemperature.U.Actual,10:53,77.4
Machine1.MaterialTemperature.U.Actual,10:53,77.4
Machine1.MaterialTemperature.U.Actual,10:53,77.5
Machine1.MaterialTemperature.U.Actual,10:53,77.5
Machine1.MaterialTemperature.U.Actual,10:53,77.5
Machine1.MaterialTemperature.U.Actual,10:53,77.5
Machine1.MaterialTemperature.U.Actual,10:53,77.5
Machine1.MaterialTemperature.U.Actual,10:53,77.6
Machine1.MaterialTemperature.U.Actual,10:53,77.6
Machine1.MaterialTemperature.U.Actual,10:53,77.6
Machine1.MaterialTemperature.U.Actual,10:53,77.6
Machine1.MaterialTemperature.U.Actual,10:53,77.6
Machine1.MaterialTemperature.U.Actual,10:53,77.7
Machine1.MaterialTemperature.U.Actual,10:53,77.7
Machine1.MaterialTemperature.U.Actual,10:53,77.7
Machine1.MaterialTemperature.U.Actual,10:53,77.7
Machine1.MaterialTemperature.U.Actual,10:53,77.7
Machine1.MaterialTemperature.U.Actual,10:53,77.8
Machine1.MaterialTemperature.U.Actual,10:53,77.8
Machine1.MaterialTemperature.U.Actual,10:53,77.8
Machine1.MaterialTemperature.U.Actual,10:53,77.8
Machine1.MaterialTemperature.U.Actual,10:53,77.8
Machine1.MaterialTemperature.U.Actual,10:53,77.8
Machine1.MaterialTemperature.U.Actual,10:53,77.9
Machine1.MaterialTemperature.U.Actual,10:53,77.9
Machine1.MaterialTemperature.U.Actual,10:53,77.9
Machine1.MaterialTemperature.U.Actual,10:53,77.9
Machine1.MaterialTemperature.U.Actual,10:53,77.9
Machine1.MaterialTemperature.U.Actual,10:53,77.9
Machine1.MaterialTemperature.U.Actual,10:53,78.0
Machine1.MaterialTemperature.U.Actual,10:53,78.0
Machine1.MaterialTemperature.U.Actual,10:53,78.0
Machine1.MaterialTemperature.U.Actual,10:53,78.0
Machine1.MaterialTemperature.U.Actual,10:53,78.0
Machine1.MaterialTemperature.U.Actual,10:53,78.0
Machine1.MaterialTemperature.U.Actual,10:53,78.0
Machine1.MaterialTemperature.U.Actual,10:53,78.1
Machine1.MaterialTemperature.U.Actual,10:53,78.1
Machine1.MaterialTemperature.U.Actual,10:54,78.1
Machine1.MaterialTemperature.U.Actual,10:54,78.1
Machine1.MaterialTemperature.U.Actual,10:54,78.1
Machine1.MaterialTemperature.U.Actual,10:54,78.1
Machine1.MaterialTemperature.U.Actual,10:54,78.1
Machine1.MaterialTemperature.U.Actual,10:54,78.2
Machine1.MaterialTemperature.U.Actual,10:54,78.2
Machine1.MaterialTemperature.U.Actual,10:54,78.2
Machine1.MaterialTemperature.U.Actual,10:54,78.2
Machine1.MaterialTemperature.U.Actual,10:54,78.2
Machine1.MaterialTemperature.U.Actual,10:54,78.2
Machine1.MaterialTemperature.U.Actual,10:54,78.2
Machine1.MaterialTemperature.U.Actual,10:54,78.2
Machine1.MaterialTemperature.U.Actual,10:54,78.3
Machine1.MaterialTemperature.U.Actual,10:54,78.3
Machine1.MaterialTemperature.U.Actual,10:54,78.3
Machine1.MaterialTemperature.U.Actual,10:54,78.3
Machine1.MaterialTemperature.U.Actual,10:54,78.3
Machine1.MaterialTemperature.U.Actual,10:54,78.3
Machine1.MaterialTemperature.U.Actual,10:54,78.3
Machine1.MaterialTemperature.U.Actual,10:54,78.3
Machine1.MaterialTemperature.U.Actual,10:54,78.4
Machine1.MaterialTemperature.U.Actual,10:54,78.4
Machine1.MaterialTemperature.U.Actual,10:54,78.4
Machine1.MaterialTemperature.U.Actual,10:54,78.4
Machine1.MaterialTemperature.U.Actual,10:54,78.4
Machine1.MaterialTemperature.U.Actual,10:54,78.4
Machine1.MaterialTemperature.U.Actual,10:54,78.4
Machine1.MaterialTemperature.U.Actual,10:54,78.4
Machine1.MaterialTemperature.U.Actual,10:54,78.4
Machine1.MaterialTemperature.U.Actual,10:54,78.5
Machine1.MaterialTemperature.U.Actual,10:54,78.5
Machine1.MaterialTemperature.U.Actual,10:54,78.5
Machine1.MaterialTemperature.U.Actual,10:54,78.5
Machine1.MaterialTemperature.U.Actual,10:54,78.5
Machine1.MaterialTemperature.U.Actual,10:54,78.5
Machine1.MaterialTemperature.U.Actual,10:54,78.5
Machine1.MaterialTemperature.U.Actual,10:54,78.5
Machine1.MaterialTemperature.U.Actual,10:54,78.6
Machine1.MaterialTemperature.U.Actual,10:54,78.6
Machine1.MaterialTemperature.U.Actual,10:54,78.6
Machine1.MaterialTemperature.U.Actual,10:54,78.6
Machine1.MaterialTemperature.U.Actual,10:54,78.6
Machine1.MaterialTemperature.U.Actual,10:54,78.6
Machine1.MaterialTemperature.U.Actual,10:54,78.6
Machine1.MaterialTemperature.U.Actual,10:54,78.6
Machine1.MaterialTemperature.U.Actual,10:54,78.6
Machine1.MaterialTemperature.U.Actual,10:54,78.6
Machine2.MotorAmperage.U.Actual,10:53,72.19
Machine2.MotorAmperage.U.Actual,10:54,72.13
Machine2.MotorAmperage.U.Actual,10:54,72.13
Machine2.MotorAmperage.U.Actual,10:55,72.19
Machine2.MotorAmperage.U.Actual,10:55,72.06
Machine2.MotorAmperage.U.Actual,10:55,72.19
Machine2.MotorAmperage.U.Actual,10:56,72.0
Machine2.MotorAmperage.U.Actual,10:56,72.19
Machine2.MotorAmperage.U.Actual,10:58,72.13
Machine2.MotorAmperage.U.Actual,10:58,72.19
Machine2.MotorAmperage.U.Actual,10:58,72.06
Machine2.MotorAmperage.U.Actual,10:59,72.19
Machine2.MotorAmperage.U.Actual,10:59,72.13
Machine2.MotorAmperage.U.Actual,11:00,72.19
Machine2.MotorAmperage.U.Actual,11:04,72.19
Machine2.MotorAmperage.U.Actual,11:04,71.81
Machine2.MotorAmperage.U.Actual,11:04,72.13
Machine2.MotorAmperage.U.Actual,11:04,72.13
Machine2.MotorAmperage.U.Actual,11:04,71.56
Machine2.MotorAmperage.U.Actual,11:04,71.56
Machine2.MotorAmperage.U.Actual,11:04,71.94
Machine2.MotorAmperage.U.Actual,11:04,72.06
Machine2.MotorAmperage.U.Actual,11:04,71.81
Machine2.MotorAmperage.U.Actual,11:04,71.94
Machine2.MotorAmperage.U.Actual,11:04,72.06
Machine2.MotorAmperage.U.Actual,11:04,72.0
Machine2.MotorAmperage.U.Actual,11:04,72.19
Machine2.MotorAmperage.U.Actual,11:06,72.19
Machine2.MotorAmperage.U.Actual,11:06,72.19
Machine2.MotorAmperage.U.Actual,11:10,72.06
Machine2.MotorAmperage.U.Actual,11:10,72.19
Machine2.MotorAmperage.U.Actual,11:40,72.19
Machine2.MotorAmperage.U.Actual,13:36,72.06
Machine2.MaterialPressure.U.Actual,10:52,246.68
Machine2.MaterialPressure.U.Actual,10:52,246.02
Machine2.MaterialPressure.U.Actual,10:52,247.18
Machine2.MaterialPressure.U.Actual,10:52,249.92
Machine2.MaterialPressure.U.Actual,10:52,250.58
Machine2.MaterialPressure.U.Actual,10:52,247.33
Machine2.MaterialPressure.U.Actual,10:52,245.12
Machine2.MaterialPressure.U.Actual,10:52,248.85
Machine2.MaterialPressure.U.Actual,10:52,249.63
Machine2.MaterialPressure.U.Actual,10:52,244.42
Machine2.MaterialPressure.U.Actual,10:52,242.33
Machine2.MaterialPressure.U.Actual,10:52,247.47
Machine2.MaterialPressure.U.Actual,10:52,248.72
Machine2.MaterialPressure.U.Actual,10:52,243.2
Machine2.MaterialPressure.U.Actual,10:52,241.73
Machine2.MaterialPressure.U.Actual,10:52,245.47
Machine2.MaterialPressure.U.Actual,10:52,247.28
Machine2.MaterialPressure.U.Actual,10:52,246.45
Machine2.MaterialPressure.U.Actual,10:52,245.15
Machine2.MaterialPressure.U.Actual,10:52,243.52
Machine2.MaterialPressure.U.Actual,10:52,244.4730393
Machine2.MaterialPressure.U.Actual,10:52,246.58
Machine2.MaterialPressure.U.Actual,10:52,247.28
Machine2.MaterialPressure.U.Actual,10:52,243.72
Machine2.MaterialPressure.U.Actual,10:52,241.5
Machine2.MaterialPressure.U.Actual,10:52,245.17
Machine2.MaterialPressure.U.Actual,10:52,246.68
Machine2.MaterialPressure.U.Actual,10:52,240.33
Machine2.MaterialPressure.U.Actual,10:53,238.92
Machine2.MaterialPressure.U.Actual,10:53,244.25
Machine2.MaterialPressure.U.Actual,10:53,245.38
Machine2.MaterialPressure.U.Actual,10:53,241.25
Machine2.MaterialPressure.U.Actual,10:53,240.42
Machine2.MaterialPressure.U.Actual,10:53,241.98
Machine2.MaterialPressure.U.Actual,10:53,242.9929977
Machine2.MaterialPressure.U.Actual,10:53,243.293939
Machine2.MaterialPressure.U.Actual,10:53,244.5
Machine2.MaterialPressure.U.Actual,10:53,245.88
Machine2.MaterialPressure.U.Actual,10:53,242.5
Machine2.MaterialPressure.U.Actual,10:53,240.52
Machine2.MaterialPressure.U.Actual,10:53,244.02
Machine2.MaterialPressure.U.Actual,10:53,244.68
Machine2.MaterialPressure.U.Actual,10:53,239.48
Machine2.MaterialPressure.U.Actual,10:53,237.62
Machine2.MaterialPressure.U.Actual,10:53,242.38
Machine2.MaterialPressure.U.Actual,10:53,244.02
Machine2.MaterialPressure.U.Actual,10:53,238.57
Machine2.MaterialPressure.U.Actual,10:53,237.43
Machine2.MaterialPressure.U.Actual,10:53,240.87
Machine2.MaterialPressure.U.Actual,10:53,243.37
Machine2.MaterialPressure.U.Actual,10:53,242.82
Machine2.MaterialPressure.U.Actual,10:53,240.57
Machine2.MaterialPressure.U.Actual,10:53,238.87
Machine2.MaterialPressure.U.Actual,10:53,242.42
Machine2.MaterialPressure.U.Actual,10:53,243.15
Machine2.MaterialPressure.U.Actual,10:53,238.98
Machine2.MaterialPressure.U.Actual,10:53,237.52
Machine2.MaterialPressure.U.Actual,10:53,241.5
Machine2.MaterialPressure.U.Actual,10:53,242.77
Machine2.MaterialPressure.U.Actual,10:53,236.4
Machine2.MaterialPressure.U.Actual,10:53,235.62
Machine2.MaterialPressure.U.Actual,10:53,240.17
Machine2.MaterialPressure.U.Actual,10:53,241.78
Machine2.MaterialPressure.U.Actual,10:53,238.9
Machine2.MaterialPressure.U.Actual,10:53,237.78
Machine2.MaterialPressure.U.Actual,10:53,238.43
Machine2.MaterialPressure.U.Actual,10:53,241.47
Machine2.MaterialPressure.U.Actual,10:53,242.3
Machine2.MaterialPressure.U.Actual,10:53,239.38
Machine2.MaterialPressure.U.Actual,10:53,237.38
Machine2.MaterialPressure.U.Actual,10:53,240.73
Machine2.MaterialPressure.U.Actual,10:53,241.78
Machine2.MaterialPressure.U.Actual,10:53,235.92
Machine2.MaterialPressure.U.Actual,10:53,239.87
Machine2.MaterialPressure.U.Actual,10:53,240.95
Machine2.MaterialPressure.U.Actual,10:53,236.0
Machine2.MaterialPressure.U.Actual,10:53,238.3
Machine2.MaterialPressure.U.Actual,10:53,240.43
Machine2.MaterialPressure.U.Actual,10:53,241.2
Machine2.MaterialPressure.U.Actual,10:53,238.68
Machine2.MaterialPressure.U.Actual,10:53,236.97
Machine2.MaterialPressure.U.Actual,10:53,240.22
Machine2.MaterialPressure.U.Actual,10:53,241.2
Machine2.MaterialPressure.U.Actual,10:53,236.62
Machine2.MaterialPressure.U.Actual,10:53,238.95
Machine2.MaterialPressure.U.Actual,10:53,240.28
Machine2.MaterialPressure.U.Actual,10:54,237.73
Machine2.MaterialPressure.U.Actual,10:54,239.77
Machine2.MaterialPressure.U.Actual,10:54,237.0
Machine2.MaterialPressure.U.Actual,10:54,236.25
Machine2.MaterialPressure.U.Actual,10:54,236.1
Machine2.MaterialPressure.U.Actual,10:54,239.17
Machine2.MaterialPressure.U.Actual,10:54,240.25
Machine2.MaterialPressure.U.Actual,10:54,236.83
Machine2.MaterialPressure.U.Actual,10:54,238.6
Machine2.MaterialPressure.U.Actual,10:54,238.6
Machine2.MaterialPressure.U.Actual,10:54,237.62
Machine2.MaterialPressure.U.Actual,10:54,239.22
Machine2.MaterialPressure.U.Actual,10:54,236.05
Machine2.MaterialPressure.U.Actual,10:54,238.65
Machine2.MaterialPressure.U.Actual,10:54,239.47
Machine2.MaterialPressure.U.Actual,10:54,236.62
Machine2.MaterialPressure.U.Actual,10:54,237.9
Machine2.MaterialPressure.U.Actual,10:54,238.95
Machine2.MaterialPressure.U.Actual,10:54,237.43
Machine2.MaterialPressure.U.Actual,10:54,238.4
Machine2.MaterialPressure.U.Actual,10:54,236.3
Machine2.MaterialPressure.U.Actual,10:54,238.3
Machine2.MaterialPressure.U.Actual,10:54,237.48
Machine2.MaterialPressure.U.Actual,10:54,235.57
Machine2.MaterialPressure.U.Actual,10:54,237.97
Machine2.MaterialPressure.U.Actual,10:54,238.98
Machine2.MaterialPressure.U.Actual,10:54,237.7
Machine2.MaterialPressure.U.Actual,10:54,238.48
Machine2.MaterialPressure.U.Actual,10:54,236.78
Machine2.MaterialPressure.U.Actual,10:54,238.17
Machine2.MaterialPressure.U.Actual,10:54,237.3
Machine2.MaterialPressure.U.Actual,10:54,238.25
Machine2.MaterialPressure.U.Actual,10:54,235.73
Machine2.MaterialPressure.U.Actual,10:54,237.35
Machine2.MaterialPressure.U.Actual,10:54,238.27
Machine2.MaterialPressure.U.Actual,10:54,236.73
Machine2.MaterialPressure.U.Actual,10:54,237.65
Machine2.MaterialPressure.U.Actual,10:55,237.27
Machine2.MaterialPressure.U.Actual,10:55,237.05
Machine2.MaterialPressure.U.Actual,10:55,237.38
Machine2.MaterialPressure.U.Actual,10:55,238.12
Machine2.MaterialPressure.U.Actual,10:55,236.97
Machine2.MaterialPressure.U.Actual,10:55,237.83
Machine2.MaterialPressure.U.Actual,10:55,235.62
Machine2.MaterialPressure.U.Actual,10:55,237.13
Machine2.MaterialPressure.U.Actual,10:55,237.0
Machine2.MaterialPressure.U.Actual,10:55,237.87
Machine2.MaterialPressure.U.Actual,10:55,236.95
Machine2.MaterialPressure.U.Actual,10:55,237.27
Machine2.MaterialPressure.U.Actual,10:55,235.92
Machine2.MaterialPressure.U.Actual,10:55,236.95
Machine2.MaterialPressure.U.Actual,10:55,236.65
Machine2.MaterialPressure.U.Actual,10:55,236.57
Machine2.MaterialPressure.U.Actual,10:55,235.75
Machine2.MaterialPressure.U.Actual,10:55,237.12
Machine2.MaterialPressure.U.Actual,10:55,236.4
Machine2.MaterialPressure.U.Actual,10:55,236.52
Machine2.MaterialPressure.U.Actual,10:55,236.03
Machine2.MaterialPressure.U.Actual,10:55,237.08
Machine2.MaterialPressure.U.Actual,10:55,236.27
Machine2.MaterialPressure.U.Actual,10:55,235.97
Machine2.MaterialPressure.U.Actual,10:56,236.0
Machine2.MaterialPressure.U.Actual,10:56,236.3
Machine2.MaterialPressure.U.Actual,10:56,235.83
Machine2.MaterialPressure.U.Actual,10:56,235.45
Machine2.MaterialPressure.U.Actual,10:56,235.97
Machine2.MaterialPressure.U.Actual,10:56,236.32
Machine2.MaterialPressure.U.Actual,10:56,235.75
Machine2.MaterialPressure.U.Actual,10:56,235.65
Machine2.MaterialPressure.U.Actual,10:56,235.87
Machine2.MaterialPressure.U.Actual,10:56,235.7
Machine2.MaterialPressure.U.Actual,10:56,236.1
Machine2.MaterialPressure.U.Actual,10:56,235.82
Machine2.MaterialPressure.U.Actual,10:57,235.75
Machine2.MaterialPressure.U.Actual,10:57,235.87
Machine2.MaterialPressure.U.Actual,10:57,235.92
Machine2.MaterialPressure.U.Actual,10:57,235.48
Machine2.MaterialPressure.U.Actual,10:57,235.88
Machine2.MaterialPressure.U.Actual,10:57,235.6
Machine2.MaterialPressure.U.Actual,10:57,235.87
Machine2.MaterialTemperature.U.Actual,10:52,68.8
Machine2.MaterialTemperature.U.Actual,10:52,69.0
Machine2.MaterialTemperature.U.Actual,10:52,68.9
Machine2.MaterialTemperature.U.Actual,10:52,69.1
Machine2.MaterialTemperature.U.Actual,10:52,68.9
Machine2.MaterialTemperature.U.Actual,10:52,69.2
Machine2.MaterialTemperature.U.Actual,10:52,69.2
Machine2.MaterialTemperature.U.Actual,10:52,69.0
Machine2.MaterialTemperature.U.Actual,10:52,69.1
Machine2.MaterialTemperature.U.Actual,10:52,69.1
Machine2.MaterialTemperature.U.Actual,10:52,69.1
Machine2.MaterialTemperature.U.Actual,10:52,69.2
Machine2.MaterialTemperature.U.Actual,10:52,69.4
Machine2.MaterialTemperature.U.Actual,10:52,69.4
Machine2.MaterialTemperature.U.Actual,10:52,69.2
Machine2.MaterialTemperature.U.Actual,10:52,69.5
Machine2.MaterialTemperature.U.Actual,10:52,69.3
Machine2.MaterialTemperature.U.Actual,10:52,69.5
Machine2.MaterialTemperature.U.Actual,10:52,69.4
Machine2.MaterialTemperature.U.Actual,10:52,69.6
Machine2.MaterialTemperature.U.Actual,10:52,69.67910139
Machine2.MaterialTemperature.U.Actual,10:52,69.6
Machine2.MaterialTemperature.U.Actual,10:52,69.5
Machine2.MaterialTemperature.U.Actual,10:52,69.7
Machine2.MaterialTemperature.U.Actual,10:52,69.5
Machine2.MaterialTemperature.U.Actual,10:52,69.7
Machine2.MaterialTemperature.U.Actual,10:52,69.7
Machine2.MaterialTemperature.U.Actual,10:52,69.7
Machine2.MaterialTemperature.U.Actual,10:53,69.8
Machine2.MaterialTemperature.U.Actual,10:53,69.7
Machine2.MaterialTemperature.U.Actual,10:53,69.8
Machine2.MaterialTemperature.U.Actual,10:53,69.8
Machine2.MaterialTemperature.U.Actual,10:53,69.8
Machine2.MaterialTemperature.U.Actual,10:53,69.9
Machine2.MaterialTemperature.U.Actual,10:53,69.94404313
Machine2.MaterialTemperature.U.Actual,10:53,69.91685441
Machine2.MaterialTemperature.U.Actual,10:53,69.9
Machine2.MaterialTemperature.U.Actual,10:53,69.9
Machine2.MaterialTemperature.U.Actual,10:53,69.9
Machine2.MaterialTemperature.U.Actual,10:53,70.0
Machine2.MaterialTemperature.U.Actual,10:53,70.0
Machine2.MaterialTemperature.U.Actual,10:53,70.1
Machine2.MaterialTemperature.U.Actual,10:53,70.0
Machine2.MaterialTemperature.U.Actual,10:53,70.1
Machine2.MaterialTemperature.U.Actual,10:53,70.2
Machine2.MaterialTemperature.U.Actual,10:53,70.0
Machine2.MaterialTemperature.U.Actual,10:53,70.2
Machine2.MaterialTemperature.U.Actual,10:53,70.1
Machine2.MaterialTemperature.U.Actual,10:53,70.3
Machine2.MaterialTemperature.U.Actual,10:53,70.4
Machine2.MaterialTemperature.U.Actual,10:53,70.1
Machine2.MaterialTemperature.U.Actual,10:53,70.4
Machine2.MaterialTemperature.U.Actual,10:53,70.2
Machine2.MaterialTemperature.U.Actual,10:53,70.4
Machine2.MaterialTemperature.U.Actual,10:53,70.2
Machine2.MaterialTemperature.U.Actual,10:53,70.3
Machine2.MaterialTemperature.U.Actual,10:53,70.5
Machine2.MaterialTemperature.U.Actual,10:53,70.4
Machine2.MaterialTemperature.U.Actual,10:53,70.5
Machine2.MaterialTemperature.U.Actual,10:53,70.4
Machine2.MaterialTemperature.U.Actual,10:53,70.5
Machine2.MaterialTemperature.U.Actual,10:53,70.6
Machine2.MaterialTemperature.U.Actual,10:53,70.5
Machine2.MaterialTemperature.U.Actual,10:53,70.6
Machine2.MaterialTemperature.U.Actual,10:53,70.6
Machine2.MaterialTemperature.U.Actual,10:53,70.6
Machine2.MaterialTemperature.U.Actual,10:53,70.6
Machine2.MaterialTemperature.U.Actual,10:53,70.7
Machine2.MaterialTemperature.U.Actual,10:53,70.6
Machine2.MaterialTemperature.U.Actual,10:53,70.8
Machine2.MaterialTemperature.U.Actual,10:53,70.6
Machine2.MaterialTemperature.U.Actual,10:53,70.7
Machine2.MaterialTemperature.U.Actual,10:53,70.9
Machine2.MaterialTemperature.U.Actual,10:53,70.7
Machine2.MaterialTemperature.U.Actual,10:53,70.9
Machine2.MaterialTemperature.U.Actual,10:53,70.7
Machine2.MaterialTemperature.U.Actual,10:53,71.0
Machine2.MaterialTemperature.U.Actual,10:53,71.0
Machine2.MaterialTemperature.U.Actual,10:53,70.8
Machine2.MaterialTemperature.U.Actual,10:53,71.0
Machine2.MaterialTemperature.U.Actual,10:53,70.8
Machine2.MaterialTemperature.U.Actual,10:53,71.1
Machine2.MaterialTemperature.U.Actual,10:53,71.1
Machine2.MaterialTemperature.U.Actual,10:53,70.9
Machine2.MaterialTemperature.U.Actual,10:53,71.1
Machine2.MaterialTemperature.U.Actual,10:53,71.0
Machine2.MaterialTemperature.U.Actual,10:53,71.1
Machine2.MaterialTemperature.U.Actual,10:53,71.2
Machine2.MaterialTemperature.U.Actual,10:53,71.0
Machine2.MaterialTemperature.U.Actual,10:53,71.2
Machine2.MaterialTemperature.U.Actual,10:54,71.1
Machine2.MaterialTemperature.U.Actual,10:54,71.3
Machine2.MaterialTemperature.U.Actual,10:54,71.1
Machine2.MaterialTemperature.U.Actual,10:54,71.2
Machine2.MaterialTemperature.U.Actual,10:54,71.3
Machine2.MaterialTemperature.U.Actual,10:54,71.2
Machine2.MaterialTemperature.U.Actual,10:54,71.4
Machine2.MaterialTemperature.U.Actual,10:54,71.3
Machine2.MaterialTemperature.U.Actual,10:54,71.3
Machine2.MaterialTemperature.U.Actual,10:54,71.4
Machine2.MaterialTemperature.U.Actual,10:54,71.3
Machine2.MaterialTemperature.U.Actual,10:54,71.4
Machine2.MaterialTemperature.U.Actual,10:54,71.4
Machine2.MaterialTemperature.U.Actual,10:54,71.4
Machine2.MaterialTemperature.U.Actual,10:54,71.5
Machine2.MaterialTemperature.U.Actual,10:54,71.4
Machine2.MaterialTemperature.U.Actual,10:54,71.5
Machine2.MaterialTemperature.U.Actual,10:54,71.4
Machine2.MaterialTemperature.U.Actual,10:54,71.5
Machine2.MaterialTemperature.U.Actual,10:54,71.6
Machine2.MaterialTemperature.U.Actual,10:54,71.5
Machine2.MaterialTemperature.U.Actual,10:54,71.6
Machine2.MaterialTemperature.U.Actual,10:54,71.5
Machine2.MaterialTemperature.U.Actual,10:54,71.7
Machine2.MaterialTemperature.U.Actual,10:54,71.7
Machine2.MaterialTemperature.U.Actual,10:54,71.6
Machine2.MaterialTemperature.U.Actual,10:54,71.7
Machine2.MaterialTemperature.U.Actual,10:54,71.6
Machine2.MaterialTemperature.U.Actual,10:54,71.7
Machine2.MaterialTemperature.U.Actual,10:54,71.8
Machine2.MaterialTemperature.U.Actual,10:54,71.7
Machine2.MaterialTemperature.U.Actual,10:54,71.8
Machine2.MaterialTemperature.U.Actual,10:54,71.7
Machine2.MaterialTemperature.U.Actual,10:54,71.8
Machine2.MaterialTemperature.U.Actual,10:54,71.7
Machine2.MaterialTemperature.U.Actual,10:54,71.8
Machine2.MaterialTemperature.U.Actual,10:54,71.9
Machine2.MaterialTemperature.U.Actual,10:54,71.8
Machine2.MaterialTemperature.U.Actual,10:54,71.9
Machine2.MaterialTemperature.U.Actual,10:54,71.8
Machine2.MaterialTemperature.U.Actual,10:54,71.9
Machine2.MaterialTemperature.U.Actual,10:54,72.0
Machine2.MaterialTemperature.U.Actual,10:54,71.9
Machine2.MaterialTemperature.U.Actual,10:54,72.0
Machine2.MaterialTemperature.U.Actual,10:54,71.9
Machine2.MaterialTemperature.U.Actual,10:54,71.9
Machine2.MaterialTemperature.U.Actual,10:54,72.0
Machine2.MaterialTemperature.U.Actual,10:54,72.0
Machine2.MaterialTemperature.U.Actual,10:54,72.1
Machine2.MaterialTemperature.U.Actual,10:54,72.0
Machine2.MaterialTemperature.U.Actual,10:54,72.1
Machine2.MaterialTemperature.U.Actual,10:54,72.1
Machine2.MaterialTemperature.U.Actual,10:54,72.0
Machine2.MaterialTemperature.U.Actual,10:54,72.1
Machine2.MaterialTemperature.U.Actual,10:54,72.1
Machine2.MaterialTemperature.U.Actual,10:54,72.2
Machine2.MaterialTemperature.U.Actual,10:54,72.2
Machine2.MaterialTemperature.U.Actual,10:54,72.1
Machine2.MaterialTemperature.U.Actual,10:54,72.2
Machine2.MaterialTemperature.U.Actual,10:54,72.1
Machine2.MaterialTemperature.U.Actual,10:55,72.3
Machine2.MaterialTemperature.U.Actual,10:55,72.3
Machine2.MaterialTemperature.U.Actual,10:55,72.1
Machine2.MaterialTemperature.U.Actual,10:55,72.3
Machine2.MaterialTemperature.U.Actual,10:55,72.2
Machine2.MaterialTemperature.U.Actual,10:55,72.3
Machine2.MaterialTemperature.U.Actual,10:55,72.2
Machine2.MaterialTemperature.U.Actual,10:55,72.2
Machine2.MaterialTemperature.U.Actual,10:55,72.4
Machine2.MaterialTemperature.U.Actual,10:55,72.2
Machine2.MaterialTemperature.U.Actual,10:55,72.4
Machine2.MaterialTemperature.U.Actual,10:55,72.3
Machine2.MaterialTemperature.U.Actual,10:55,72.3
Machine2.MaterialTemperature.U.Actual,10:55,72.5
Machine2.MaterialTemperature.U.Actual,10:55,72.3
Machine2.MaterialTemperature.U.Actual,10:55,72.5
Machine2.MaterialTemperature.U.Actual,10:55,72.3
Machine2.MaterialTemperature.U.Actual,10:55,72.5
Machine2.MaterialTemperature.U.Actual,10:55,72.6
Machine2.MaterialTemperature.U.Actual,10:55,72.4
Machine2.MaterialTemperature.U.Actual,10:55,72.6
Machine2.MaterialTemperature.U.Actual,10:55,72.4
Machine2.MaterialTemperature.U.Actual,10:55,72.6
Machine2.MaterialTemperature.U.Actual,10:55,72.6
Machine2.MaterialTemperature.U.Actual,10:55,72.4
Machine2.MaterialTemperature.U.Actual,10:55,72.7
Machine2.MaterialTemperature.U.Actual,10:55,72.4
Machine2.MaterialTemperature.U.Actual,10:55,72.7
Machine2.MaterialTemperature.U.Actual,10:55,72.7
Machine2.MaterialTemperature.U.Actual,10:55,72.5
Machine2.MaterialTemperature.U.Actual,10:55,72.7
Machine2.MaterialTemperature.U.Actual,10:55,72.5
Machine2.MaterialTemperature.U.Actual,10:55,72.7
Machine2.MaterialTemperature.U.Actual,10:55,72.8
Machine2.MaterialTemperature.U.Actual,10:55,72.6
Machine2.MaterialTemperature.U.Actual,10:55,72.8
Machine2.MaterialTemperature.U.Actual,10:55,72.6
Machine2.MaterialTemperature.U.Actual,10:55,72.8
Machine2.MaterialTemperature.U.Actual,10:55,72.6
Machine2.MaterialTemperature.U.Actual,10:55,72.7
Machine2.MaterialTemperature.U.Actual,10:55,72.8
Machine2.MaterialTemperature.U.Actual,10:55,72.7
Machine2.MaterialTemperature.U.Actual,10:55,72.8
Machine2.MaterialTemperature.U.Actual,10:55,72.7
Machine2.MaterialTemperature.U.Actual,10:55,72.7
Machine2.MaterialTemperature.U.Actual,10:55,72.9
Machine2.MaterialTemperature.U.Actual,10:55,72.8
Machine2.MaterialTemperature.U.Actual,10:55,72.9
Machine2.MaterialTemperature.U.Actual,10:55,72.8
Machine2.MaterialTemperature.U.Actual,10:55,72.9
Machine2.MaterialTemperature.U.Actual,10:55,72.9
Machine2.MaterialTemperature.U.Actual,10:55,72.9
Machine2.MaterialTemperature.U.Actual,10:55,72.9
Machine2.MaterialTemperature.U.Actual,10:55,72.9
Machine2.MaterialTemperature.U.Actual,10:55,72.9
Machine2.MaterialTemperature.U.Actual,10:55,72.9
Machine2.MaterialTemperature.U.Actual,10:55,73.0
Machine2.MaterialTemperature.U.Actual,10:55,72.9
Machine2.MaterialTemperature.U.Actual,10:55,73.0
Machine2.MaterialTemperature.U.Actual,10:55,72.9
Machine2.MaterialTemperature.U.Actual,10:56,73.0
Machine2.MaterialTemperature.U.Actual,10:56,73.0
Machine2.MaterialTemperature.U.Actual,10:56,73.0
Machine2.MaterialTemperature.U.Actual,10:56,73.0
Machine2.MaterialTemperature.U.Actual,10:56,73.0
Machine2.MaterialTemperature.U.Actual,10:56,73.1
Machine2.MaterialTemperature.U.Actual,10:56,73.1
Machine2.MaterialTemperature.U.Actual,10:56,73.0
Machine2.MaterialTemperature.U.Actual,10:56,73.1
Machine2.MaterialTemperature.U.Actual,10:56,73.0
Machine2.MaterialTemperature.U.Actual,10:56,73.1
Machine2.MaterialTemperature.U.Actual,10:56,73.2
Machine2.MaterialTemperature.U.Actual,10:56,73.1
Machine2.MaterialTemperature.U.Actual,10:56,73.2
Machine2.MaterialTemperature.U.Actual,10:56,73.1
Machine2.MaterialTemperature.U.Actual,10:56,73.2
Machine2.MaterialTemperature.U.Actual,10:56,73.2
Machine2.MaterialTemperature.U.Actual,10:56,73.2
Machine2.MaterialTemperature.U.Actual,10:56,73.2
Machine2.MaterialTemperature.U.Actual,10:56,73.2
Machine2.MaterialTemperature.U.Actual,10:56,73.3
Machine2.MaterialTemperature.U.Actual,10:56,73.2
Machine2.MaterialTemperature.U.Actual,10:56,73.2
Machine2.MaterialTemperature.U.Actual,10:56,73.3
Machine2.MaterialTemperature.U.Actual,10:56,73.2
Machine2.MaterialTemperature.U.Actual,10:56,73.3
Machine2.MaterialTemperature.U.Actual,10:56,73.3
Machine2.MaterialTemperature.U.Actual,10:56,73.3
Machine2.MaterialTemperature.U.Actual,10:56,73.3
Machine2.MaterialTemperature.U.Actual,10:56,73.3
Machine2.MaterialTemperature.U.Actual,10:56,73.3
Machine2.MaterialTemperature.U.Actual,10:56,73.3
Machine2.MaterialTemperature.U.Actual,10:56,73.4
Machine2.MaterialTemperature.U.Actual,10:56,73.4
Machine2.MaterialTemperature.U.Actual,10:56,73.4
Machine2.MaterialTemperature.U.Actual,10:56,73.4
Machine2.MaterialTemperature.U.Actual,10:56,73.4
Machine2.MaterialTemperature.U.Actual,10:56,73.4
Machine2.MaterialTemperature.U.Actual,10:56,73.4
Machine2.MaterialTemperature.U.Actual,10:56,73.4
Machine2.MaterialTemperature.U.Actual,10:56,73.4
Machine2.MaterialTemperature.U.Actual,10:56,73.4
Machine2.MaterialTemperature.U.Actual,10:56,73.4
Machine2.MaterialTemperature.U.Actual,10:56,73.4
Machine2.MaterialTemperature.U.Actual,10:56,73.5
Machine2.MaterialTemperature.U.Actual,10:56,73.4
Machine2.MaterialTemperature.U.Actual,10:56,73.5
Machine2.MaterialTemperature.U.Actual,10:56,73.5
Machine2.MaterialTemperature.U.Actual,10:56,73.5
Machine2.MaterialTemperature.U.Actual,10:56,73.5
Machine2.MaterialTemperature.U.Actual,10:56,73.5
Machine2.MaterialTemperature.U.Actual,10:56,73.5
Machine2.MaterialTemperature.U.Actual,10:56,73.5
Machine2.MaterialTemperature.U.Actual,10:56,73.6
Machine2.MaterialTemperature.U.Actual,10:56,73.6
Machine2.MaterialTemperature.U.Actual,10:56,73.6
Machine2.MaterialTemperature.U.Actual,10:56,73.6
Machine2.MaterialTemperature.U.Actual,10:56,73.6
Machine2.MaterialTemperature.U.Actual,10:56,73.6
Machine2.MaterialTemperature.U.Actual,10:56,73.6
Machine2.MaterialTemperature.U.Actual,10:57,73.6
Machine2.MaterialTemperature.U.Actual,10:57,73.7
Machine2.MaterialTemperature.U.Actual,10:57,73.6
Machine2.MaterialTemperature.U.Actual,10:57,73.7
Machine2.MaterialTemperature.U.Actual,10:57,73.7
Machine2.MaterialTemperature.U.Actual,10:57,73.7
Machine2.MaterialTemperature.U.Actual,10:57,73.6
Machine2.MaterialTemperature.U.Actual,10:57,73.7
Machine2.MaterialTemperature.U.Actual,10:57,73.7
Machine2.MaterialTemperature.U.Actual,10:57,73.7
Machine2.MaterialTemperature.U.Actual,10:57,73.8
Machine2.MaterialTemperature.U.Actual,10:57,73.7
Machine2.MaterialTemperature.U.Actual,10:57,73.8
Machine2.MaterialTemperature.U.Actual,10:57,73.7
Machine2.MaterialTemperature.U.Actual,10:57,73.8
Machine2.MaterialTemperature.U.Actual,10:57,73.7
Machine2.MaterialTemperature.U.Actual,10:57,73.7
Machine2.MaterialTemperature.U.Actual,10:57,73.8
Machine2.MaterialTemperature.U.Actual,10:57,73.7
Machine2.MaterialTemperature.U.Actual,10:57,73.9
Machine2.MaterialTemperature.U.Actual,10:57,73.7
Machine2.MaterialTemperature.U.Actual,10:57,73.7
Machine2.MaterialTemperature.U.Actual,10:57,73.9
Machine2.MaterialTemperature.U.Actual,10:57,73.7
Machine2.MaterialTemperature.U.Actual,10:57,73.9
Machine2.MaterialTemperature.U.Actual,10:57,73.7
Machine2.MaterialTemperature.U.Actual,10:57,73.7
Machine2.MaterialTemperature.U.Actual,10:57,74.0
Machine2.MaterialTemperature.U.Actual,10:57,73.7
Machine2.MaterialTemperature.U.Actual,10:57,74.0
Machine2.MaterialTemperature.U.Actual,10:57,73.8
Machine2.MaterialTemperature.U.Actual,10:57,73.8
Machine2.MaterialTemperature.U.Actual,10:57,74.0
Machine2.MaterialTemperature.U.Actual,10:57,73.8
Machine2.MaterialTemperature.U.Actual,10:57,74.0
Machine2.MaterialTemperature.U.Actual,10:57,73.8
Machine2.MaterialTemperature.U.Actual,10:57,74.0
Machine2.MaterialTemperature.U.Actual,10:57,74.0
Machine2.MaterialTemperature.U.Actual,10:57,73.8
Machine2.MaterialTemperature.U.Actual,10:57,74.1
Machine2.MaterialTemperature.U.Actual,10:57,73.9
Machine2.MaterialTemperature.U.Actual,10:57,74.1
Machine2.MaterialTemperature.U.Actual,10:57,74.1
Machine2.MaterialTemperature.U.Actual,10:57,73.9
Machine2.MaterialTemperature.U.Actual,10:57,74.1
Machine2.MaterialTemperature.U.Actual,10:57,73.9
Machine2.MaterialTemperature.U.Actual,10:57,74.1
Machine2.MaterialTemperature.U.Actual,10:57,74.1
Machine2.MaterialTemperature.U.Actual,10:57,73.9
Machine2.MaterialTemperature.U.Actual,10:57,74.1
Machine2.MaterialTemperature.U.Actual,10:57,73.9
Machine2.MaterialTemperature.U.Actual,10:57,74.1
Machine2.MaterialTemperature.U.Actual,10:57,73.9
Machine2.MaterialTemperature.U.Actual,10:57,73.9
Machine2.MaterialTemperature.U.Actual,10:57,74.2
Machine2.MaterialTemperature.U.Actual,10:57,74.0
Machine2.MaterialTemperature.U.Actual,10:57,74.2
Machine2.MaterialTemperature.U.Actual,10:57,74.0
Machine2.MaterialTemperature.U.Actual,10:57,74.0
Machine2.MaterialTemperature.U.Actual,10:57,74.2
Machine2.MaterialTemperature.U.Actual,10:58,74.0
Machine2.MaterialTemperature.U.Actual,10:58,74.2
Machine2.MaterialTemperature.U.Actual,10:58,74.0
Machine2.MaterialTemperature.U.Actual,10:58,74.1
Machine2.MaterialTemperature.U.Actual,10:58,74.2
Machine2.MaterialTemperature.U.Actual,10:58,74.1
Machine2.MaterialTemperature.U.Actual,10:58,74.2
Machine2.MaterialTemperature.U.Actual,10:58,74.1
Machine2.MaterialTemperature.U.Actual,10:58,74.2
Machine2.MaterialTemperature.U.Actual,10:58,74.2
Machine2.MaterialTemperature.U.Actual,10:58,74.2
Machine2.MaterialTemperature.U.Actual,10:58,74.2
Machine2.MaterialTemperature.U.Actual,10:58,74.2
Machine2.MaterialTemperature.U.Actual,10:58,74.2
Machine2.MaterialTemperature.U.Actual,10:58,74.2
Machine2.MaterialTemperature.U.Actual,10:58,74.2
Machine2.MaterialTemperature.U.Actual,10:58,74.2
Machine2.MaterialTemperature.U.Actual,10:58,74.2
Machine2.MaterialTemperature.U.Actual,10:58,74.2
Machine2.MaterialTemperature.U.Actual,10:58,74.2
Machine2.MaterialTemperature.U.Actual,10:58,74.2
Machine2.MaterialTemperature.U.Actual,10:58,74.2
Machine2.MaterialTemperature.U.Actual,10:58,74.2
Machine2.MaterialTemperature.U.Actual,10:58,74.2
Machine2.MaterialTemperature.U.Actual,10:58,74.2
Machine2.MaterialTemperature.U.Actual,10:58,74.2
Machine2.MaterialTemperature.U.Actual,10:58,74.2
Machine2.MaterialTemperature.U.Actual,10:58,74.2
Machine3.MotorAmperage.U.Actual,12:09,372.63
Machine3.MotorAmperage.U.Actual,12:15,373.46
Machine3.MotorAmperage.U.Actual,12:35,373.38
Machine3.MotorAmperage.U.Actual,12:39,373.86
Machine3.MotorAmperage.U.Actual,12:39,374.32
Machine3.MotorAmperage.U.Actual,12:39,373.76
Machine3.MotorRPM.C.Actual,14:42,11.96
Machine3.MaterialTemperature.U.Actual,10:52,65.3
Machine3.MaterialTemperature.U.Actual,10:52,65.3
Machine3.MaterialTemperature.U.Actual,10:52,65.3
Machine3.MaterialTemperature.U.Actual,10:52,65.4
Machine3.MaterialTemperature.U.Actual,10:52,65.4
Machine3.MaterialTemperature.U.Actual,10:52,65.4
Machine3.MaterialTemperature.U.Actual,10:52,65.4
Machine3.MaterialTemperature.U.Actual,10:52,65.4
Machine3.MaterialTemperature.U.Actual,10:52,65.4
Machine3.MaterialTemperature.U.Actual,10:52,65.4
Machine3.MaterialTemperature.U.Actual,10:52,65.4
Machine3.MaterialTemperature.U.Actual,10:52,65.4
Machine3.MaterialTemperature.U.Actual,10:52,65.4
Machine3.MaterialTemperature.U.Actual,10:52,65.4
Machine3.MaterialTemperature.U.Actual,10:52,65.5
Machine3.MaterialTemperature.U.Actual,10:52,65.5
Machine3.MaterialTemperature.U.Actual,10:52,65.5
Machine3.MaterialTemperature.U.Actual,10:52,65.5
Machine3.MaterialTemperature.U.Actual,10:52,65.5
Machine3.MaterialTemperature.U.Actual,10:52,65.5
Machine3.MaterialTemperature.U.Actual,10:52,65.50010607
Machine3.MaterialTemperature.U.Actual,10:52,65.5
Machine3.MaterialTemperature.U.Actual,10:52,65.5
Machine3.MaterialTemperature.U.Actual,10:52,65.5
Machine3.MaterialTemperature.U.Actual,10:52,65.5
Machine3.MaterialTemperature.U.Actual,10:52,65.6
Machine3.MaterialTemperature.U.Actual,10:52,65.6
Machine3.MaterialTemperature.U.Actual,10:52,65.6
Machine3.MaterialTemperature.U.Actual,10:53,65.6
Machine3.MaterialTemperature.U.Actual,10:53,65.6
Machine3.MaterialTemperature.U.Actual,10:53,65.6
Machine3.MaterialTemperature.U.Actual,10:53,65.6
Machine3.MaterialTemperature.U.Actual,10:53,65.6
Machine3.MaterialTemperature.U.Actual,10:53,65.6
Machine3.MaterialTemperature.U.Actual,10:53,65.58166706
Machine3.MaterialTemperature.U.Actual,10:53,65.55512612
Machine3.MaterialTemperature.U.Actual,10:53,65.6
Machine3.MaterialTemperature.U.Actual,10:53,65.7
Machine3.MaterialTemperature.U.Actual,10:53,65.7
Machine3.MaterialTemperature.U.Actual,10:53,65.7
Machine3.MaterialTemperature.U.Actual,10:53,65.7
Machine3.MaterialTemperature.U.Actual,10:53,65.7
Machine3.MaterialTemperature.U.Actual,10:53,65.7
Machine3.MaterialTemperature.U.Actual,10:53,65.7
Machine3.MaterialTemperature.U.Actual,10:53,65.7
Machine3.MaterialTemperature.U.Actual,10:53,65.7
Machine3.MaterialTemperature.U.Actual,10:53,65.7
Machine3.MaterialTemperature.U.Actual,10:53,65.8
Machine3.MaterialTemperature.U.Actual,10:53,65.8
Machine3.MaterialTemperature.U.Actual,10:53,65.8
Machine3.MaterialTemperature.U.Actual,10:53,65.8
Machine3.MaterialTemperature.U.Actual,10:53,65.8
Machine3.MaterialTemperature.U.Actual,10:53,65.8
Machine3.MaterialTemperature.U.Actual,10:53,65.8
Machine3.MaterialTemperature.U.Actual,10:53,65.8
Machine3.MaterialTemperature.U.Actual,10:53,65.8
Machine3.MaterialTemperature.U.Actual,10:53,65.8
Machine3.MaterialTemperature.U.Actual,10:53,65.9
Machine3.MaterialTemperature.U.Actual,10:53,65.9
Machine3.MaterialTemperature.U.Actual,10:53,65.9
Machine3.MaterialTemperature.U.Actual,10:53,65.9
Machine3.MaterialTemperature.U.Actual,10:53,65.9
Machine3.MaterialTemperature.U.Actual,10:53,65.9
Machine3.MaterialTemperature.U.Actual,10:53,65.9
Machine3.MaterialTemperature.U.Actual,10:53,65.9
Machine3.MaterialTemperature.U.Actual,10:53,65.9
Machine3.MaterialTemperature.U.Actual,10:53,65.9
Machine3.MaterialTemperature.U.Actual,10:53,66.0
Machine3.MaterialTemperature.U.Actual,10:53,66.0
Machine3.MaterialTemperature.U.Actual,10:53,66.0
Machine3.MaterialTemperature.U.Actual,10:53,66.0
Machine3.MaterialTemperature.U.Actual,10:53,66.0
Machine3.MaterialTemperature.U.Actual,10:53,66.0
Machine3.MaterialTemperature.U.Actual,10:53,66.0
Machine3.MaterialTemperature.U.Actual,10:53,66.0
Machine3.MaterialTemperature.U.Actual,10:53,66.0
Machine3.MaterialTemperature.U.Actual,10:53,66.0
Machine3.MaterialTemperature.U.Actual,10:53,66.0
Machine3.MaterialTemperature.U.Actual,10:53,66.1
Machine3.MaterialTemperature.U.Actual,10:53,66.1
Machine3.MaterialTemperature.U.Actual,10:53,66.1
Machine3.MaterialTemperature.U.Actual,10:53,66.1
Machine3.MaterialTemperature.U.Actual,10:53,66.1
Machine3.MaterialTemperature.U.Actual,10:53,66.1
Machine3.MaterialTemperature.U.Actual,10:53,66.1
Machine3.MaterialTemperature.U.Actual,10:53,66.1
Machine3.MaterialTemperature.U.Actual,10:53,66.1
Machine3.MaterialTemperature.U.Actual,10:53,66.1
Machine3.MaterialTemperature.U.Actual,10:53,66.1
Machine3.MaterialTemperature.U.Actual,10:53,66.1
Machine3.MaterialTemperature.U.Actual,10:54,66.1
Machine3.MaterialTemperature.U.Actual,10:54,66.2
Machine3.MaterialTemperature.U.Actual,10:54,66.2
Machine3.MaterialTemperature.U.Actual,10:54,66.2
Machine3.MaterialTemperature.U.Actual,10:54,66.2
Machine3.MaterialTemperature.U.Actual,10:54,66.2
Machine3.MaterialTemperature.U.Actual,10:54,66.2
Machine3.MaterialTemperature.U.Actual,10:54,66.2
Machine3.MaterialTemperature.U.Actual,10:54,66.2
Machine3.MaterialTemperature.U.Actual,10:54,66.2
Machine3.MaterialTemperature.U.Actual,10:54,66.2
Machine3.MaterialTemperature.U.Actual,10:54,66.2
Machine3.MaterialTemperature.U.Actual,10:54,66.3
Machine3.MaterialTemperature.U.Actual,10:54,66.3
Machine3.MaterialTemperature.U.Actual,10:54,66.3
Machine3.MaterialTemperature.U.Actual,10:54,66.3
Machine3.MaterialTemperature.U.Actual,10:54,66.3
Machine3.MaterialTemperature.U.Actual,10:54,66.3
Machine3.MaterialTemperature.U.Actual,10:54,66.3
Machine3.MaterialTemperature.U.Actual,10:54,66.3
Machine3.MaterialTemperature.U.Actual,10:54,66.3
Machine3.MaterialTemperature.U.Actual,10:54,66.3
Machine3.MaterialTemperature.U.Actual,10:54,66.3
Machine3.MaterialTemperature.U.Actual,10:54,66.3
Machine3.MaterialTemperature.U.Actual,10:54,66.3
Machine3.MaterialTemperature.U.Actual,10:54,66.3
Machine3.MaterialTemperature.U.Actual,10:54,66.4
Machine3.MaterialTemperature.U.Actual,10:54,66.4
Machine3.MaterialTemperature.U.Actual,10:54,66.4
Machine3.MaterialTemperature.U.Actual,10:54,66.4
Machine3.MaterialTemperature.U.Actual,10:54,66.4
Machine3.MaterialTemperature.U.Actual,10:54,66.4
Machine3.MaterialTemperature.U.Actual,10:54,66.4
Machine3.MaterialTemperature.U.Actual,10:54,66.4
Machine3.MaterialTemperature.U.Actual,10:54,66.4
Machine3.MaterialTemperature.U.Actual,10:54,66.4
Machine3.MaterialTemperature.U.Actual,10:54,66.4
Machine3.MaterialTemperature.U.Actual,10:54,66.4
Machine3.MaterialTemperature.U.Actual,10:54,66.4
Machine3.MaterialTemperature.U.Actual,10:54,66.4
Machine3.MaterialTemperature.U.Actual,10:54,66.5
Machine3.MaterialTemperature.U.Actual,10:54,66.5
Machine3.MaterialTemperature.U.Actual,10:54,66.5
Machine3.MaterialTemperature.U.Actual,10:54,66.5
Machine3.MaterialTemperature.U.Actual,10:54,66.5
Machine3.MaterialTemperature.U.Actual,10:54,66.5
Machine3.MaterialTemperature.U.Actual,10:54,66.5
Machine3.MaterialTemperature.U.Actual,10:54,66.5
Machine3.MaterialTemperature.U.Actual,10:54,66.5
Machine3.MaterialTemperature.U.Actual,10:54,66.5
Machine3.MaterialTemperature.U.Actual,10:54,66.5
Machine3.MaterialTemperature.U.Actual,10:54,66.5
Machine3.MaterialTemperature.U.Actual,10:54,66.5
Machine3.MaterialTemperature.U.Actual,10:54,66.5
Machine3.MaterialTemperature.U.Actual,10:54,66.5
Machine3.MaterialTemperature.U.Actual,10:54,66.6
Machine3.MaterialTemperature.U.Actual,10:54,66.6
Machine3.MaterialTemperature.U.Actual,10:54,66.6
Machine3.MaterialTemperature.U.Actual,10:54,66.6
Machine3.MaterialTemperature.U.Actual,10:54,66.6
Machine3.MaterialTemperature.U.Actual,10:55,66.6
Machine3.MaterialTemperature.U.Actual,10:55,66.6
Machine3.MaterialTemperature.U.Actual,10:55,66.6
Machine3.MaterialTemperature.U.Actual,10:55,66.6
Machine3.MaterialTemperature.U.Actual,10:55,66.6
Machine3.MaterialTemperature.U.Actual,10:55,66.6
Machine3.MaterialTemperature.U.Actual,10:55,66.6
Machine3.MaterialTemperature.U.Actual,10:55,66.6
Machine3.MaterialTemperature.U.Actual,10:55,66.6
Machine3.MaterialTemperature.U.Actual,10:55,66.6
Machine3.MaterialTemperature.U.Actual,10:55,66.7
Machine3.MaterialTemperature.U.Actual,10:55,66.7
Machine3.MaterialTemperature.U.Actual,10:55,66.7
Machine3.MaterialTemperature.U.Actual,10:55,66.7
Machine3.MaterialTemperature.U.Actual,10:55,66.7
Machine3.MaterialTemperature.U.Actual,10:55,66.7
Machine3.MaterialTemperature.U.Actual,10:55,66.7
Machine3.MaterialTemperature.U.Actual,10:55,66.7
Machine3.MaterialTemperature.U.Actual,10:55,66.7
Machine3.MaterialTemperature.U.Actual,10:55,66.7
Machine3.MaterialTemperature.U.Actual,10:55,66.7
Machine3.MaterialTemperature.U.Actual,10:55,66.7
Machine3.MaterialTemperature.U.Actual,10:55,66.7
Machine3.MaterialTemperature.U.Actual,10:55,66.7
Machine3.MaterialTemperature.U.Actual,10:55,66.7
Machine3.MaterialTemperature.U.Actual,10:55,66.8
Machine3.MaterialTemperature.U.Actual,10:55,66.8
Machine3.MaterialTemperature.U.Actual,10:55,66.8
Machine3.MaterialTemperature.U.Actual,10:55,66.8
Machine3.MaterialTemperature.U.Actual,10:55,66.8
Machine3.MaterialTemperature.U.Actual,10:55,66.8
Machine3.MaterialTemperature.U.Actual,10:55,66.8
Machine3.MaterialTemperature.U.Actual,10:55,66.8
Machine3.MaterialTemperature.U.Actual,10:55,66.8
Machine3.MaterialTemperature.U.Actual,10:55,66.8
Machine3.MaterialTemperature.U.Actual,10:55,66.8
Machine3.MaterialTemperature.U.Actual,10:55,66.8
Machine3.MaterialTemperature.U.Actual,10:55,66.8
Machine3.MaterialTemperature.U.Actual,10:55,66.8
Machine3.MaterialTemperature.U.Actual,10:55,66.8
Machine3.MaterialTemperature.U.Actual,10:55,66.8
Machine3.MaterialTemperature.U.Actual,10:55,66.8
Machine3.MaterialTemperature.U.Actual,10:55,66.9
Machine3.MaterialTemperature.U.Actual,10:55,66.9
Machine3.MaterialTemperature.U.Actual,10:55,66.9
Machine3.MaterialTemperature.U.Actual,10:55,66.9
Machine3.MaterialTemperature.U.Actual,10:55,66.9
Machine3.MaterialTemperature.U.Actual,10:55,66.9
Machine3.MaterialTemperature.U.Actual,10:55,66.9
Machine3.MaterialTemperature.U.Actual,10:55,66.9
Machine3.MaterialTemperature.U.Actual,10:55,66.9
Machine3.MaterialTemperature.U.Actual,10:55,66.9
Machine3.MaterialTemperature.U.Actual,10:55,66.9
Machine3.MaterialTemperature.U.Actual,10:55,66.9
Machine3.MaterialTemperature.U.Actual,10:55,66.9
Machine3.MaterialTemperature.U.Actual,10:55,66.9
Machine3.MaterialTemperature.U.Actual,10:55,66.9
Machine3.MaterialTemperature.U.Actual,10:55,67.0
Machine3.MaterialTemperature.U.Actual,10:55,67.0
Machine3.MaterialTemperature.U.Actual,10:55,67.0
Machine3.MaterialTemperature.U.Actual,10:56,67.0
Machine3.MaterialTemperature.U.Actual,10:56,67.0
Machine3.MaterialTemperature.U.Actual,10:56,67.0
Machine3.MaterialTemperature.U.Actual,10:56,67.0
Machine3.MaterialTemperature.U.Actual,10:56,67.0
Machine3.MaterialTemperature.U.Actual,10:56,67.0
Machine3.MaterialTemperature.U.Actual,10:56,67.0
Machine3.MaterialTemperature.U.Actual,10:56,67.0
Machine3.MaterialTemperature.U.Actual,10:56,67.0
Machine3.MaterialTemperature.U.Actual,10:56,67.0
Machine3.MaterialTemperature.U.Actual,10:56,67.0
Machine3.MaterialTemperature.U.Actual,10:56,67.0
Machine3.MaterialTemperature.U.Actual,10:56,67.0
Machine3.MaterialTemperature.U.Actual,10:56,67.0
Machine3.MaterialTemperature.U.Actual,10:56,67.0
Machine3.MaterialTemperature.U.Actual,10:56,67.1
Machine3.MaterialTemperature.U.Actual,10:56,67.1
Machine3.MaterialTemperature.U.Actual,10:56,67.1
Machine3.MaterialTemperature.U.Actual,10:56,67.1
Machine3.MaterialTemperature.U.Actual,10:56,67.1
Machine3.MaterialTemperature.U.Actual,10:56,67.1
Machine3.MaterialTemperature.U.Actual,10:56,67.1
Machine3.MaterialTemperature.U.Actual,10:56,67.1
Machine3.MaterialTemperature.U.Actual,10:56,67.1
Machine3.MaterialTemperature.U.Actual,10:56,67.1
Machine3.MaterialTemperature.U.Actual,10:56,67.1
Machine3.MaterialTemperature.U.Actual,10:56,67.1
Machine3.MaterialTemperature.U.Actual,10:56,67.1
Machine3.MaterialTemperature.U.Actual,10:56,67.1
Machine3.MaterialTemperature.U.Actual,10:56,67.1
Machine3.MaterialTemperature.U.Actual,10:56,67.1
Machine3.MaterialTemperature.U.Actual,10:56,67.1
Machine3.MaterialTemperature.U.Actual,10:56,67.2
Machine3.MaterialTemperature.U.Actual,10:56,67.2
Machine3.MaterialTemperature.U.Actual,10:56,67.2
Machine3.MaterialTemperature.U.Actual,10:56,67.2
Machine3.MaterialTemperature.U.Actual,10:56,67.2
Machine3.MaterialTemperature.U.Actual,10:56,67.2
Machine3.MaterialTemperature.U.Actual,10:56,67.2
Machine3.MaterialTemperature.U.Actual,10:56,67.2
Machine3.MaterialTemperature.U.Actual,10:56,67.2
Machine3.MaterialTemperature.U.Actual,10:56,67.2
Machine3.MaterialTemperature.U.Actual,10:56,67.2
Machine3.MaterialTemperature.U.Actual,10:56,67.2
Machine3.MaterialTemperature.U.Actual,10:56,67.2
Machine3.MaterialTemperature.U.Actual,10:56,67.2
Machine3.MaterialTemperature.U.Actual,10:56,67.2
Machine3.MaterialTemperature.U.Actual,10:56,67.2
Machine3.MaterialTemperature.U.Actual,10:56,67.2
Machine3.MaterialTemperature.U.Actual,10:56,67.2
Machine3.MaterialTemperature.U.Actual,10:56,67.2
Machine3.MaterialTemperature.U.Actual,10:56,67.3
Machine3.MaterialTemperature.U.Actual,10:56,67.3
Machine3.MaterialTemperature.U.Actual,10:56,67.3
Machine3.MaterialTemperature.U.Actual,10:56,67.3
Machine3.MaterialTemperature.U.Actual,10:56,67.3
Machine3.MaterialTemperature.U.Actual,10:56,67.3
Machine3.MaterialTemperature.U.Actual,10:56,67.3
Machine3.MaterialTemperature.U.Actual,10:56,67.3
Machine3.MaterialTemperature.U.Actual,10:56,67.3
Machine3.MaterialTemperature.U.Actual,10:57,67.3
Machine3.MaterialTemperature.U.Actual,10:57,67.3
Machine3.MaterialTemperature.U.Actual,10:57,67.3
Machine3.MaterialTemperature.U.Actual,10:57,67.3
Machine3.MaterialTemperature.U.Actual,10:57,67.3
Machine3.MaterialTemperature.U.Actual,10:57,67.3
Machine3.MaterialTemperature.U.Actual,10:57,67.3
Machine3.MaterialTemperature.U.Actual,10:57,67.3
Machine3.MaterialTemperature.U.Actual,10:57,67.3
Machine3.MaterialTemperature.U.Actual,10:57,67.3
Machine3.MaterialTemperature.U.Actual,10:57,67.3
Machine3.MaterialTemperature.U.Actual,10:57,67.4
Machine3.MaterialTemperature.U.Actual,10:57,67.4
Machine3.MaterialTemperature.U.Actual,10:57,67.4
Machine3.MaterialTemperature.U.Actual,10:57,67.4
Machine3.MaterialTemperature.U.Actual,10:57,67.4
Machine3.MaterialTemperature.U.Actual,10:57,67.4
Machine3.MaterialTemperature.U.Actual,10:57,67.4
Machine3.MaterialTemperature.U.Actual,10:57,67.4
Machine3.MaterialTemperature.U.Actual,10:57,67.4
Machine3.MaterialTemperature.U.Actual,10:57,67.4
Machine3.MaterialTemperature.U.Actual,10:57,67.4
Machine3.MaterialTemperature.U.Actual,10:57,67.4
Machine3.MaterialTemperature.U.Actual,10:57,67.4
Machine3.MaterialTemperature.U.Actual,10:57,67.4
Machine3.MaterialTemperature.U.Actual,10:57,67.4
Machine3.MaterialTemperature.U.Actual,10:57,67.4
Machine3.MaterialTemperature.U.Actual,10:57,67.4
Machine3.MaterialTemperature.U.Actual,10:57,67.5
Machine3.MaterialTemperature.U.Actual,10:57,67.5
Machine3.MaterialTemperature.U.Actual,10:57,67.5
Machine3.MaterialTemperature.U.Actual,10:57,67.5
Machine3.MaterialTemperature.U.Actual,10:57,67.5
Machine3.MaterialTemperature.U.Actual,10:57,67.5
Machine3.MaterialTemperature.U.Actual,10:57,67.5
Machine3.MaterialTemperature.U.Actual,10:57,67.5
Machine3.MaterialTemperature.U.Actual,10:57,67.5
Machine3.MaterialTemperature.U.Actual,10:57,67.5
Machine3.MaterialTemperature.U.Actual,10:57,67.5
Machine3.MaterialTemperature.U.Actual,10:57,67.5
Machine3.MaterialTemperature.U.Actual,10:57,67.5
Machine3.MaterialTemperature.U.Actual,10:57,67.5
Machine3.MaterialTemperature.U.Actual,10:57,67.5
Machine3.MaterialTemperature.U.Actual,10:57,67.5
Machine3.MaterialTemperature.U.Actual,10:57,67.5
Machine3.MaterialTemperature.U.Actual,10:57,67.5
Machine3.MaterialTemperature.U.Actual,10:57,67.5
Machine3.MaterialTemperature.U.Actual,10:57,67.5
Machine3.MaterialTemperature.U.Actual,10:57,67.5
Machine3.MaterialTemperature.U.Actual,10:57,67.6
Machine3.MaterialTemperature.U.Actual,10:57,67.6
Machine3.MaterialTemperature.U.Actual,10:57,67.6
Machine3.MaterialTemperature.U.Actual,10:57,67.6
Machine3.MaterialTemperature.U.Actual,10:57,67.6
Machine3.MaterialTemperature.U.Actual,10:57,67.6
Machine3.MaterialTemperature.U.Actual,10:57,67.6
Machine3.MaterialTemperature.U.Actual,10:57,67.6
Machine3.MaterialTemperature.U.Actual,10:57,67.6
Machine3.MaterialTemperature.U.Actual,10:57,67.6
Machine3.MaterialTemperature.U.Actual,10:57,67.6
Machine3.MaterialTemperature.U.Actual,10:58,67.6
Machine3.MaterialTemperature.U.Actual,10:58,67.6
Machine3.MaterialTemperature.U.Actual,10:58,67.6
Machine3.MaterialTemperature.U.Actual,10:58,67.6
Machine3.MaterialTemperature.U.Actual,10:58,67.6
Machine3.MaterialTemperature.U.Actual,10:58,67.6
Machine3.MaterialTemperature.U.Actual,10:58,67.6
Machine3.MaterialTemperature.U.Actual,10:58,67.6
Machine3.MaterialTemperature.U.Actual,10:58,67.7
Machine3.MaterialTemperature.U.Actual,10:58,67.7
Machine3.MaterialTemperature.U.Actual,10:58,67.7
Machine3.MaterialTemperature.U.Actual,10:58,67.7
Machine3.MaterialTemperature.U.Actual,10:58,67.7
Machine3.MaterialTemperature.U.Actual,10:58,67.7
Machine3.MaterialTemperature.U.Actual,10:58,67.7
Machine3.MaterialTemperature.U.Actual,10:58,67.7
Machine3.MaterialTemperature.U.Actual,10:58,67.7
Machine3.MaterialTemperature.U.Actual,10:58,67.7
Machine3.MaterialTemperature.U.Actual,10:58,67.7
Machine3.MaterialTemperature.U.Actual,10:58,67.7
Machine3.MaterialTemperature.U.Actual,10:58,67.7
Machine3.MaterialTemperature.U.Actual,10:58,67.7
Machine3.MaterialTemperature.U.Actual,10:58,67.7
Machine3.MaterialTemperature.U.Actual,10:58,67.7
Machine3.MaterialTemperature.U.Actual,10:58,67.7
Machine3.MaterialTemperature.U.Actual,10:58,67.7
Machine3.MaterialTemperature.U.Actual,10:58,67.7
Machine3.MaterialTemperature.U.Actual,10:58,67.7
Machine3.MaterialTemperature.U.Actual,10:58,67.7
Machine3.MaterialTemperature.U.Actual,10:58,67.7
Machine3.MaterialTemperature.U.Actual,10:58,67.8
Machine3.MaterialTemperature.U.Actual,10:58,67.8
Machine3.MaterialTemperature.U.Actual,10:58,67.8
Machine3.MaterialTemperature.U.Actual,10:58,67.8
Machine3.MaterialTemperature.U.Actual,10:58,67.8
Machine3.MaterialTemperature.U.Actual,10:58,67.8
Machine3.MaterialTemperature.U.Actual,10:58,67.8
Machine3.MaterialTemperature.U.Actual,10:58,67.8
Machine3.MaterialTemperature.U.Actual,10:58,67.8
Machine3.MaterialTemperature.U.Actual,10:58,67.8
Machine3.MaterialTemperature.U.Actual,10:58,67.8
Machine3.MaterialTemperature.U.Actual,10:58,67.8
Machine3.MaterialTemperature.U.Actual,10:58,67.8
Machine3.MaterialTemperature.U.Actual,10:58,67.8
Machine3.MaterialTemperature.U.Actual,10:58,67.8
Machine3.MaterialTemperature.U.Actual,10:58,67.8
Machine3.MaterialTemperature.U.Actual,10:58,67.8
Machine3.MaterialTemperature.U.Actual,10:58,67.9
Machine3.MaterialTemperature.U.Actual,10:58,67.9
Machine3.MaterialTemperature.U.Actual,10:58,67.9
Machine3.MaterialTemperature.U.Actual,10:58,67.9
Machine3.MaterialTemperature.U.Actual,10:58,67.9
Machine3.MaterialTemperature.U.Actual,10:58,67.9
Machine3.MaterialTemperature.U.Actual,10:58,67.9
Machine3.MaterialTemperature.U.Actual,10:58,67.9
Machine3.MaterialTemperature.U.Actual,10:58,67.9
Machine3.MaterialTemperature.U.Actual,10:58,67.9
Machine3.MaterialTemperature.U.Actual,10:58,67.9
Machine3.MaterialTemperature.U.Actual,10:58,67.9
Machine3.MaterialTemperature.U.Actual,10:58,67.9
Machine3.MaterialTemperature.U.Actual,10:59,67.9
Machine3.MaterialTemperature.U.Actual,10:59,67.9
Machine3.MaterialTemperature.U.Actual,10:59,67.9
Machine3.MaterialTemperature.U.Actual,10:59,67.9
Machine3.MaterialTemperature.U.Actual,10:59,67.9
Machine3.MaterialTemperature.U.Actual,10:59,67.9
Machine3.MaterialTemperature.U.Actual,10:59,67.9
Stage1.Output.Measurement0.U.Actual,10:52,0.0
Stage1.Output.Measurement0.U.Actual,10:52,0.0
Stage1.Output.Measurement0.U.Actual,10:52,0.0
Stage1.Output.Measurement0.U.Actual,10:52,0.0
Stage1.Output.Measurement0.U.Actual,10:53,0.0
Stage1.Output.Measurement0.U.Actual,10:53,0.0
Stage1.Output.Measurement0.U.Actual,10:53,0.0
Stage1.Output.Measurement0.U.Actual,10:53,0.0
Stage1.Output.Measurement0.U.Actual,10:53,0.0
Stage1.Output.Measurement0.U.Actual,11:54,0.0
Stage1.Output.Measurement0.U.Actual,11:54,0.0
Stage1.Output.Measurement0.U.Actual,11:54,0.0
Stage1.Output.Measurement0.U.Actual,11:54,0.0
Stage1.Output.Measurement0.U.Actual,11:54,0.0
Stage1.Output.Measurement0.U.Actual,11:54,0.0
Stage1.Output.Measurement0.U.Actual,11:54,0.0
Stage1.Output.Measurement0.U.Actual,11:54,0.0
Stage1.Output.Measurement0.U.Actual,11:54,0.0
Stage1.Output.Measurement0.U.Actual,11:54,0.0
Stage1.Output.Measurement0.U.Actual,11:54,0.0
Stage1.Output.Measurement0.U.Actual,11:54,0.0
Stage1.Output.Measurement0.U.Actual,11:54,0.0
Stage1.Output.Measurement0.U.Actual,11:54,0.0
Stage1.Output.Measurement0.U.Actual,11:54,0.0
Stage1.Output.Measurement0.U.Actual,11:54,0.0
Stage1.Output.Measurement0.U.Actual,11:54,0.0
Stage1.Output.Measurement0.U.Actual,11:54,0.0
Stage1.Output.Measurement0.U.Actual,11:54,0.0
Stage1.Output.Measurement0.U.Actual,11:54,0.0
Stage1.Output.Measurement0.U.Actual,11:54,0.0
Stage1.Output.Measurement0.U.Actual,11:54,0.0
Stage1.Output.Measurement0.U.Actual,11:54,0.0
Stage1.Output.Measurement0.U.Actual,11:54,0.0
Stage1.Output.Measurement0.U.Actual,11:54,0.0
Stage1.Output.Measurement0.U.Actual,11:54,0.0
Stage1.Output.Measurement0.U.Actual,11:54,0.0
Stage1.Output.Measurement0.U.Actual,11:54,0.0
Stage1.Output.Measurement0.U.Actual,11:54,0.0
Stage1.Output.Measurement0.U.Actual,11:54,0.0
Stage1.Output.Measurement0.U.Actual,11:54,0.0
Stage1.Output.Measurement0.U.Actual,11:54,0.0
Stage1.Output.Measurement0.U.Actual,11:54,0.0
Stage1.Output.Measurement0.U.Actual,11:55,0.0
Stage1.Output.Measurement0.U.Actual,11:55,0.0
Stage1.Output.Measurement0.U.Actual,11:55,0.0
Stage1.Output.Measurement0.U.Actual,11:55,0.0
Stage1.Output.Measurement0.U.Actual,11:55,0.0
Stage1.Output.Measurement0.U.Actual,12:02,0.0
Stage1.Output.Measurement0.U.Actual,12:02,0.0
Stage1.Output.Measurement0.U.Actual,12:02,0.0
Stage1.Output.Measurement0.U.Actual,12:02,0.0
Stage1.Output.Measurement0.U.Actual,12:02,0.0
Stage1.Output.Measurement0.U.Actual,12:02,0.0
Stage1.Output.Measurement0.U.Actual,12:02,0.0
Stage1.Output.Measurement0.U.Actual,12:02,0.0
Stage1.Output.Measurement0.U.Actual,12:02,0.0
Stage1.Output.Measurement0.U.Actual,12:02,0.0
Stage1.Output.Measurement0.U.Actual,12:03,0.0
Stage1.Output.Measurement0.U.Actual,12:03,0.0
Stage1.Output.Measurement0.U.Actual,12:03,0.0
Stage1.Output.Measurement0.U.Actual,12:03,0.0
Stage1.Output.Measurement0.U.Actual,12:03,0.0
Stage1.Output.Measurement0.U.Actual,12:03,0.0
Stage1.Output.Measurement0.U.Actual,12:03,0.0
Stage1.Output.Measurement0.U.Actual,12:03,0.0
Stage1.Output.Measurement0.U.Actual,12:03,0.0
Stage1.Output.Measurement0.U.Actual,12:03,0.0
Stage1.Output.Measurement0.U.Actual,12:03,0.0
Stage1.Output.Measurement0.U.Actual,12:03,0.0
Stage1.Output.Measurement0.U.Actual,12:03,0.0
Stage1.Output.Measurement0.U.Actual,13:33,17.33
Stage1.Output.Measurement0.U.Actual,13:33,17.33
Stage1.Output.Measurement0.U.Actual,13:33,16.99618334
Stage1.Output.Measurement0.U.Actual,13:33,17.33
Stage1.Output.Measurement0.U.Actual,13:33,17.94
Stage1.Output.Measurement0.U.Actual,13:33,17.26
Stage1.Output.Measurement0.U.Actual,13:33,17.26
Stage1.Output.Measurement0.U.Actual,13:33,20.88
Stage1.Output.Measurement0.U.Actual,13:33,20.88
Stage1.Output.Measurement0.U.Actual,13:33,20.87
Stage1.Output.Measurement0.U.Actual,13:33,20.87
Stage1.Output.Measurement0.U.Setpoint,11:54,0.0
Stage1.Output.Measurement0.U.Setpoint,11:54,0.0
Stage1.Output.Measurement0.U.Setpoint,11:54,0.0
Stage1.Output.Measurement0.U.Setpoint,11:54,0.0
Stage1.Output.Measurement0.U.Setpoint,11:54,0.0
Stage1.Output.Measurement0.U.Setpoint,11:54,0.0
Stage1.Output.Measurement0.U.Setpoint,11:54,0.0
Stage1.Output.Measurement0.U.Setpoint,11:54,0.0
Stage1.Output.Measurement0.U.Setpoint,11:54,0.0
Stage1.Output.Measurement0.U.Setpoint,11:54,0.0
Stage1.Output.Measurement0.U.Setpoint,11:54,0.0
Stage1.Output.Measurement0.U.Setpoint,11:54,0.0
Stage1.Output.Measurement0.U.Setpoint,11:54,0.0
Stage1.Output.Measurement0.U.Setpoint,11:54,0.0
Stage1.Output.Measurement0.U.Setpoint,11:54,0.0
Stage1.Output.Measurement0.U.Setpoint,11:54,0.0
Stage1.Output.Measurement0.U.Setpoint,11:54,0.0
Stage1.Output.Measurement0.U.Setpoint,11:54,0.0
Stage1.Output.Measurement0.U.Setpoint,11:54,0.0
Stage1.Output.Measurement0.U.Setpoint,11:54,0.0
Stage1.Output.Measurement0.U.Setpoint,11:54,0.0
Stage1.Output.Measurement0.U.Setpoint,11:54,0.0
Stage1.Output.Measurement0.U.Setpoint,11:54,0.0
Stage1.Output.Measurement0.U.Setpoint,11:54,0.0
Stage1.Output.Measurement0.U.Setpoint,11:54,0.0
Stage1.Output.Measurement0.U.Setpoint,11:54,0.0
Stage1.Output.Measurement0.U.Setpoint,11:54,0.0
Stage1.Output.Measurement0.U.Setpoint,11:54,0.0
Stage1.Output.Measurement0.U.Setpoint,11:54,0.0
Stage1.Output.Measurement0.U.Setpoint,11:54,0.0
Stage1.Output.Measurement0.U.Setpoint,11:54,0.0
Stage1.Output.Measurement0.U.Setpoint,11:54,0.0
Stage1.Output.Measurement0.U.Setpoint,11:54,0.0
Stage1.Output.Measurement0.U.Setpoint,11:55,0.0
Stage1.Output.Measurement0.U.Setpoint,11:55,0.0
Stage1.Output.Measurement0.U.Setpoint,12:02,0.0
Stage1.Output.Measurement0.U.Setpoint,12:02,0.0
Stage1.Output.Measurement0.U.Setpoint,12:02,0.0
Stage1.Output.Measurement0.U.Setpoint,12:02,0.0
Stage1.Output.Measurement0.U.Setpoint,12:02,0.0
Stage1.Output.Measurement0.U.Setpoint,12:02,0.0
Stage1.Output.Measurement0.U.Setpoint,12:02,0.0
Stage1.Output.Measurement0.U.Setpoint,12:02,0.0
Stage1.Output.Measurement0.U.Setpoint,12:02,0.0
Stage1.Output.Measurement0.U.Setpoint,12:02,0.0
Stage1.Output.Measurement0.U.Setpoint,12:03,0.0
Stage1.Output.Measurement0.U.Setpoint,12:03,0.0
Stage1.Output.Measurement0.U.Setpoint,12:03,0.0
Stage1.Output.Measurement0.U.Setpoint,12:03,0.0
Stage1.Output.Measurement0.U.Setpoint,12:03,0.0
Stage1.Output.Measurement0.U.Setpoint,12:03,0.0
Stage1.Output.Measurement0.U.Setpoint,12:03,0.0
Stage1.Output.Measurement0.U.Setpoint,12:03,0.0
Stage1.Output.Measurement0.U.Setpoint,12:03,0.0
Stage1.Output.Measurement0.U.Setpoint,12:03,0.0
Stage1.Output.Measurement0.U.Setpoint,12:03,0.0
Stage1.Output.Measurement1.U.Setpoint,11:54,0.0
Stage1.Output.Measurement1.U.Setpoint,11:54,0.0
Stage1.Output.Measurement1.U.Setpoint,11:54,0.0
Stage1.Output.Measurement1.U.Setpoint,11:54,0.0
Stage1.Output.Measurement1.U.Setpoint,11:54,0.0
Stage1.Output.Measurement1.U.Setpoint,11:54,0.0
Stage1.Output.Measurement1.U.Setpoint,11:54,0.0
Stage1.Output.Measurement1.U.Setpoint,11:54,0.0
Stage1.Output.Measurement1.U.Setpoint,11:54,0.0
Stage1.Output.Measurement1.U.Setpoint,11:54,0.0
Stage1.Output.Measurement1.U.Setpoint,11:54,0.0
Stage1.Output.Measurement1.U.Setpoint,11:54,0.0
Stage1.Output.Measurement1.U.Setpoint,11:54,0.0
Stage1.Output.Measurement1.U.Setpoint,11:54,0.0
Stage1.Output.Measurement1.U.Setpoint,11:54,0.0
Stage1.Output.Measurement1.U.Setpoint,11:54,0.0
Stage1.Output.Measurement1.U.Setpoint,11:54,0.0
Stage1.Output.Measurement1.U.Setpoint,11:54,0.0
Stage1.Output.Measurement1.U.Setpoint,11:54,0.0
Stage1.Output.Measurement1.U.Setpoint,11:54,0.0
Stage1.Output.Measurement1.U.Setpoint,11:54,0.0
Stage1.Output.Measurement1.U.Setpoint,11:54,0.0
Stage1.Output.Measurement1.U.Setpoint,11:54,0.0
Stage1.Output.Measurement1.U.Setpoint,11:54,0.0
Stage1.Output.Measurement1.U.Setpoint,11:54,0.0
Stage1.Output.Measurement1.U.Setpoint,11:54,0.0
Stage1.Output.Measurement1.U.Setpoint,11:54,0.0
Stage1.Output.Measurement1.U.Setpoint,11:54,0.0
Stage1.Output.Measurement1.U.Setpoint,11:54,0.0
Stage1.Output.Measurement1.U.Setpoint,11:54,0.0
Stage1.Output.Measurement1.U.Setpoint,11:54,0.0
Stage1.Output.Measurement1.U.Setpoint,11:54,0.0
Stage1.Output.Measurement1.U.Setpoint,11:54,0.0
Stage1.Output.Measurement1.U.Setpoint,11:55,0.0
Stage1.Output.Measurement1.U.Setpoint,11:55,0.0
Stage1.Output.Measurement1.U.Setpoint,12:02,0.0
Stage1.Output.Measurement1.U.Setpoint,12:02,0.0
Stage1.Output.Measurement1.U.Setpoint,12:02,0.0
Stage1.Output.Measurement1.U.Setpoint,12:02,0.0
Stage1.Output.Measurement1.U.Setpoint,12:02,0.0
Stage1.Output.Measurement1.U.Setpoint,12:02,0.0
Stage1.Output.Measurement1.U.Setpoint,12:02,0.0
Stage1.Output.Measurement1.U.Setpoint,12:02,0.0
Stage1.Output.Measurement1.U.Setpoint,12:02,0.0
Stage1.Output.Measurement1.U.Setpoint,12:02,0.0
Stage1.Output.Measurement1.U.Setpoint,12:03,0.0
Stage1.Output.Measurement1.U.Setpoint,12:03,0.0
Stage1.Output.Measurement1.U.Setpoint,12:03,0.0
Stage1.Output.Measurement1.U.Setpoint,12:03,0.0
Stage1.Output.Measurement1.U.Setpoint,12:03,0.0
Stage1.Output.Measurement1.U.Setpoint,12:03,0.0
Stage1.Output.Measurement1.U.Setpoint,12:03,0.0
Stage1.Output.Measurement1.U.Setpoint,12:03,0.0
Stage1.Output.Measurement1.U.Setpoint,12:03,0.0
Stage1.Output.Measurement1.U.Setpoint,12:03,0.0
Stage1.Output.Measurement1.U.Setpoint,12:03,0.0
Stage1.Output.Measurement2.U.Actual,10:52,0.0
Stage1.Output.Measurement2.U.Actual,10:52,0.0
Stage1.Output.Measurement2.U.Actual,10:52,0.0
Stage1.Output.Measurement2.U.Actual,10:52,0.0
Stage1.Output.Measurement2.U.Actual,10:52,0.0
Stage1.Output.Measurement2.U.Actual,10:52,0.0
Stage1.Output.Measurement2.U.Actual,10:52,0.0
Stage1.Output.Measurement2.U.Actual,10:52,0.0
Stage1.Output.Measurement2.U.Actual,10:52,0.0
Stage1.Output.Measurement2.U.Actual,10:52,0.0
Stage1.Output.Measurement2.U.Actual,10:52,0.0
Stage1.Output.Measurement2.U.Actual,10:52,0.0
Stage1.Output.Measurement2.U.Actual,10:52,0.0
Stage1.Output.Measurement2.U.Actual,10:52,0.0
Stage1.Output.Measurement2.U.Actual,10:52,0.0
Stage1.Output.Measurement2.U.Actual,10:53,0.0
Stage1.Output.Measurement2.U.Actual,10:53,0.0
Stage1.Output.Measurement2.U.Actual,10:53,20.83
Stage1.Output.Measurement2.U.Actual,10:53,20.83
Stage1.Output.Measurement2.U.Actual,10:53,20.83
Stage1.Output.Measurement2.U.Actual,11:11,0.0
Stage1.Output.Measurement2.U.Actual,11:11,0.0
Stage1.Output.Measurement2.U.Actual,11:12,15.2
Stage1.Output.Measurement2.U.Actual,11:12,15.2
Stage1.Output.Measurement2.U.Actual,11:31,0.0
Stage1.Output.Measurement2.U.Actual,11:31,0.0
Stage1.Output.Measurement2.U.Actual,11:32,14.52
Stage1.Output.Measurement2.U.Actual,11:32,14.52
Stage1.Output.Measurement2.U.Actual,11:32,14.54
Stage1.Output.Measurement2.U.Actual,11:32,14.54
Stage1.Output.Measurement2.U.Actual,11:32,14.58
Stage1.Output.Measurement2.U.Actual,11:32,14.58
Stage1.Output.Measurement2.U.Actual,11:32,14.58
Stage1.Output.Measurement2.U.Actual,11:32,14.52
Stage1.Output.Measurement2.U.Actual,11:32,14.52
Stage1.Output.Measurement2.U.Actual,11:32,14.57
Stage1.Output.Measurement2.U.Actual,11:32,14.57
Stage1.Output.Measurement2.U.Actual,11:32,14.57
Stage1.Output.Measurement2.U.Actual,11:32,14.58
Stage1.Output.Measurement2.U.Actual,11:32,14.58
Stage1.Output.Measurement2.U.Actual,11:32,14.53
Stage1.Output.Measurement2.U.Actual,11:32,14.53
Stage1.Output.Measurement2.U.Actual,11:32,14.56
Stage1.Output.Measurement2.U.Actual,11:32,14.56
Stage1.Output.Measurement2.U.Actual,11:32,14.54
Stage1.Output.Measurement2.U.Actual,11:32,14.54
Stage1.Output.Measurement2.U.Actual,11:32,14.59
Stage1.Output.Measurement2.U.Actual,11:32,14.59
Stage1.Output.Measurement2.U.Actual,11:32,14.59
Stage1.Output.Measurement2.U.Actual,11:32,14.59
Stage1.Output.Measurement2.U.Actual,11:32,14.58
Stage1.Output.Measurement2.U.Actual,11:32,14.58
Stage1.Output.Measurement2.U.Actual,11:32,14.55
Stage1.Output.Measurement2.U.Actual,11:32,14.55
Stage1.Output.Measurement2.U.Actual,11:32,14.55
Stage1.Output.Measurement2.U.Actual,11:32,14.66
Stage1.Output.Measurement2.U.Actual,11:33,14.66
Stage1.Output.Measurement2.U.Actual,11:33,14.59
Stage1.Output.Measurement2.U.Actual,11:33,14.59
Stage1.Output.Measurement2.U.Actual,11:33,14.65
Stage1.Output.Measurement2.U.Actual,11:33,14.65
Stage1.Output.Measurement2.U.Actual,11:33,14.53
Stage1.Output.Measurement2.U.Actual,11:33,14.53
Stage1.Output.Measurement2.U.Actual,11:33,14.53
Stage1.Output.Measurement2.U.Actual,11:33,14.53
Stage1.Output.Measurement2.U.Actual,11:33,14.53
Stage1.Output.Measurement2.U.Actual,11:33,14.58
Stage1.Output.Measurement2.U.Actual,11:33,14.58
Stage1.Output.Measurement2.U.Actual,11:33,14.56
Stage1.Output.Measurement2.U.Actual,11:33,14.56
Stage1.Output.Measurement2.U.Actual,11:33,14.54
Stage1.Output.Measurement2.U.Actual,11:33,14.54
Stage1.Output.Measurement2.U.Actual,11:33,14.52
Stage1.Output.Measurement2.U.Actual,11:33,14.52
Stage1.Output.Measurement2.U.Actual,11:33,14.62
Stage1.Output.Measurement2.U.Actual,11:33,14.62
Stage1.Output.Measurement2.U.Actual,11:33,14.62
Stage1.Output.Measurement2.U.Actual,11:33,14.55
Stage1.Output.Measurement2.U.Actual,11:33,14.55
Stage1.Output.Measurement2.U.Actual,11:33,14.56
Stage1.Output.Measurement2.U.Actual,11:33,14.56
Stage1.Output.Measurement2.U.Actual,11:33,14.57
Stage1.Output.Measurement2.U.Actual,11:33,14.57
Stage1.Output.Measurement2.U.Actual,11:33,14.57
Stage1.Output.Measurement2.U.Actual,11:33,14.55
Stage1.Output.Measurement2.U.Actual,11:33,14.55
Stage1.Output.Measurement2.U.Actual,11:33,14.56
Stage1.Output.Measurement2.U.Actual,11:33,14.56
Stage1.Output.Measurement2.U.Actual,11:33,14.63
Stage1.Output.Measurement2.U.Actual,11:33,14.63
Stage1.Output.Measurement2.U.Actual,11:33,14.58
Stage1.Output.Measurement2.U.Actual,11:34,14.58
Stage1.Output.Measurement2.U.Actual,11:34,14.52
Stage1.Output.Measurement2.U.Actual,11:34,14.52
Stage1.Output.Measurement2.U.Actual,11:34,14.53
Stage1.Output.Measurement2.U.Actual,11:34,14.53
Stage1.Output.Measurement2.U.Actual,11:34,14.59
Stage1.Output.Measurement2.U.Actual,11:34,14.59
Stage1.Output.Measurement2.U.Actual,11:34,14.53
Stage1.Output.Measurement2.U.Actual,11:34,14.53
Stage1.Output.Measurement2.U.Actual,11:34,14.6
Stage1.Output.Measurement2.U.Actual,11:34,14.6
Stage1.Output.Measurement2.U.Actual,11:34,14.59
Stage1.Output.Measurement2.U.Actual,11:34,14.59
Stage1.Output.Measurement2.U.Actual,11:34,14.55
Stage1.Output.Measurement2.U.Actual,11:34,14.55
Stage1.Output.Measurement2.U.Actual,11:34,14.55
Stage1.Output.Measurement2.U.Actual,11:34,14.63
Stage1.Output.Measurement2.U.Actual,11:34,14.63
Stage1.Output.Measurement2.U.Actual,11:34,14.57
Stage1.Output.Measurement2.U.Actual,11:34,14.57
Stage1.Output.Measurement2.U.Actual,11:34,14.57
Stage1.Output.Measurement2.U.Actual,11:34,14.55
Stage1.Output.Measurement2.U.Actual,11:34,14.55
Stage1.Output.Measurement2.U.Actual,11:34,14.56
Stage1.Output.Measurement2.U.Actual,11:34,14.56
Stage1.Output.Measurement2.U.Actual,11:34,14.61
Stage1.Output.Measurement2.U.Actual,11:34,14.61
Stage1.Output.Measurement2.U.Actual,11:34,14.65
Stage1.Output.Measurement2.U.Actual,11:34,14.65
Stage1.Output.Measurement2.U.Actual,11:35,14.54
Stage1.Output.Measurement2.U.Actual,11:35,14.54
Stage1.Output.Measurement2.U.Actual,11:35,14.64
Stage1.Output.Measurement2.U.Actual,11:35,14.64
Stage1.Output.Measurement2.U.Actual,11:35,14.64
Stage1.Output.Measurement2.U.Actual,11:35,14.55
Stage1.Output.Measurement2.U.Actual,11:35,14.55
Stage1.Output.Measurement2.U.Actual,11:35,14.58
Stage1.Output.Measurement2.U.Actual,11:35,14.58
Stage1.Output.Measurement2.U.Actual,11:35,14.58
Stage1.Output.Measurement2.U.Actual,11:35,14.62
Stage1.Output.Measurement2.U.Actual,11:35,14.62
Stage1.Output.Measurement2.U.Actual,11:35,14.55
Stage1.Output.Measurement2.U.Actual,11:35,14.55
Stage1.Output.Measurement2.U.Actual,11:35,14.59
Stage1.Output.Measurement2.U.Actual,11:35,14.59
Stage1.Output.Measurement2.U.Actual,11:35,14.68
Stage1.Output.Measurement2.U.Actual,11:35,14.68
Stage1.Output.Measurement2.U.Actual,11:35,14.68
Stage1.Output.Measurement2.U.Actual,11:35,14.54
Stage1.Output.Measurement2.U.Actual,11:35,14.54
Stage1.Output.Measurement2.U.Actual,11:35,14.58
Stage1.Output.Measurement2.U.Actual,11:35,14.58
Stage1.Output.Measurement2.U.Actual,11:35,14.57
Stage1.Output.Measurement2.U.Actual,11:35,14.57
Stage1.Output.Measurement2.U.Actual,11:35,14.53
Stage1.Output.Measurement2.U.Actual,11:35,14.53
Stage1.Output.Measurement2.U.Actual,11:35,14.53
Stage1.Output.Measurement2.U.Actual,11:35,14.54
Stage1.Output.Measurement2.U.Actual,11:35,14.64
Stage1.Output.Measurement2.U.Actual,11:35,14.64
Stage1.Output.Measurement2.U.Actual,11:35,14.64
Stage1.Output.Measurement2.U.Actual,11:35,14.61
Stage1.Output.Measurement2.U.Actual,11:35,14.61
Stage1.Output.Measurement2.U.Actual,11:35,14.56
Stage1.Output.Measurement2.U.Actual,11:35,14.56
Stage1.Output.Measurement2.U.Actual,11:35,14.54
Stage1.Output.Measurement2.U.Actual,11:35,14.54
Stage1.Output.Measurement2.U.Actual,11:35,14.58
Stage1.Output.Measurement2.U.Actual,11:35,14.58
Stage1.Output.Measurement2.U.Actual,11:35,14.62
Stage1.Output.Measurement2.U.Actual,11:35,14.62
Stage1.Output.Measurement2.U.Actual,11:35,14.54
Stage1.Output.Measurement2.U.Actual,11:35,14.54
Stage1.Output.Measurement2.U.Actual,11:35,14.59
Stage1.Output.Measurement2.U.Actual,11:35,14.59
Stage1.Output.Measurement2.U.Actual,11:35,14.62
Stage1.Output.Measurement2.U.Actual,11:35,14.62
Stage1.Output.Measurement2.U.Actual,11:35,14.66
Stage1.Output.Measurement2.U.Actual,11:35,14.66
Stage1.Output.Measurement2.U.Actual,11:35,14.62
Stage1.Output.Measurement2.U.Actual,11:36,14.62
Stage1.Output.Measurement2.U.Actual,11:36,14.7
Stage1.Output.Measurement2.U.Actual,11:36,14.7
Stage1.Output.Measurement2.U.Actual,11:36,14.62
Stage1.Output.Measurement2.U.Actual,11:36,14.62
Stage1.Output.Measurement2.U.Actual,11:36,14.62
Stage1.Output.Measurement2.U.Actual,11:36,14.61
Stage1.Output.Measurement2.U.Actual,11:36,14.61
Stage1.Output.Measurement2.U.Actual,11:36,14.64
Stage1.Output.Measurement2.U.Actual,11:36,14.64
Stage1.Output.Measurement2.U.Actual,11:36,14.59
Stage1.Output.Measurement2.U.Actual,11:36,14.59
Stage1.Output.Measurement2.U.Actual,11:36,14.59
Stage1.Output.Measurement2.U.Actual,11:36,14.62
Stage1.Output.Measurement2.U.Actual,11:36,14.62
Stage1.Output.Measurement2.U.Actual,11:54,0.0
Stage1.Output.Measurement2.U.Actual,11:54,0.0
Stage1.Output.Measurement2.U.Actual,11:54,0.0
Stage1.Output.Measurement2.U.Actual,11:54,0.0
Stage1.Output.Measurement2.U.Actual,11:54,0.0
Stage1.Output.Measurement2.U.Actual,11:54,0.0
Stage1.Output.Measurement2.U.Actual,11:54,0.0
Stage1.Output.Measurement2.U.Actual,11:54,0.0
Stage1.Output.Measurement2.U.Actual,11:54,0.0
Stage1.Output.Measurement2.U.Actual,11:54,0.0
Stage1.Output.Measurement2.U.Actual,11:54,0.0
Stage1.Output.Measurement2.U.Actual,11:54,0.0
Stage1.Output.Measurement2.U.Actual,11:54,0.0
Stage1.Output.Measurement2.U.Actual,11:54,0.0
Stage1.Output.Measurement2.U.Actual,11:54,0.0
Stage1.Output.Measurement2.U.Actual,11:54,0.0
Stage1.Output.Measurement2.U.Actual,11:54,0.0
Stage1.Output.Measurement2.U.Actual,11:54,0.0
Stage1.Output.Measurement2.U.Actual,11:54,0.0
Stage1.Output.Measurement2.U.Actual,11:54,0.0
Stage1.Output.Measurement2.U.Actual,11:54,0.0
Stage1.Output.Measurement2.U.Actual,11:54,0.0
Stage1.Output.Measurement2.U.Actual,11:54,0.0
Stage1.Output.Measurement2.U.Actual,11:54,0.0
Stage1.Output.Measurement2.U.Actual,11:54,0.0
Stage1.Output.Measurement2.U.Actual,11:54,0.0
Stage1.Output.Measurement2.U.Actual,11:54,0.0
Stage1.Output.Measurement2.U.Actual,11:54,0.0
Stage1.Output.Measurement2.U.Actual,11:54,0.0
Stage1.Output.Measurement2.U.Actual,11:54,0.0
Stage1.Output.Measurement2.U.Actual,11:54,0.0
Stage1.Output.Measurement2.U.Actual,11:54,0.0
Stage1.Output.Measurement2.U.Actual,11:54,0.0
Stage1.Output.Measurement2.U.Actual,11:55,0.0
Stage1.Output.Measurement2.U.Actual,11:55,0.0
Stage1.Output.Measurement2.U.Actual,11:55,0.0
Stage1.Output.Measurement2.U.Actual,11:55,0.0
Stage1.Output.Measurement2.U.Actual,11:55,0.0
Stage1.Output.Measurement2.U.Actual,12:02,0.0
Stage1.Output.Measurement2.U.Actual,12:02,0.0
Stage1.Output.Measurement2.U.Actual,12:02,0.0
Stage1.Output.Measurement2.U.Actual,12:02,0.0
Stage1.Output.Measurement2.U.Actual,12:02,0.0
Stage1.Output.Measurement2.U.Actual,12:02,0.0
Stage1.Output.Measurement2.U.Actual,12:02,0.0
Stage1.Output.Measurement2.U.Actual,12:02,0.0
Stage1.Output.Measurement2.U.Actual,12:02,0.0
Stage1.Output.Measurement2.U.Actual,12:02,0.0
Stage1.Output.Measurement2.U.Actual,12:03,0.0
Stage1.Output.Measurement2.U.Actual,12:03,0.0
Stage1.Output.Measurement2.U.Actual,12:03,0.0
Stage1.Output.Measurement2.U.Actual,12:03,0.0
Stage1.Output.Measurement2.U.Actual,12:03,0.0
Stage1.Output.Measurement2.U.Actual,12:03,0.0
Stage1.Output.Measurement2.U.Actual,12:03,0.0
Stage1.Output.Measurement2.U.Actual,12:03,0.0
Stage1.Output.Measurement2.U.Actual,12:03,0.0
Stage1.Output.Measurement2.U.Actual,12:03,0.0
Stage1.Output.Measurement2.U.Actual,12:03,0.0
Stage1.Output.Measurement2.U.Actual,12:03,0.0
Stage1.Output.Measurement2.U.Actual,12:03,0.0
Stage1.Output.Measurement2.U.Actual,13:33,0.0
Stage1.Output.Measurement2.U.Actual,13:33,0.0
Stage1.Output.Measurement2.U.Actual,13:33,-4.927831995
Stage1.Output.Measurement2.U.Actual,13:33,0.0
Stage1.Output.Measurement2.U.Actual,13:33,23.53
Stage1.Output.Measurement2.U.Actual,13:33,15.97
Stage1.Output.Measurement2.U.Actual,13:33,15.97
Stage1.Output.Measurement2.U.Setpoint,11:54,0.0
Stage1.Output.Measurement2.U.Setpoint,11:54,0.0
Stage1.Output.Measurement2.U.Setpoint,11:54,0.0
Stage1.Output.Measurement2.U.Setpoint,11:54,0.0
Stage1.Output.Measurement2.U.Setpoint,11:54,0.0
Stage1.Output.Measurement2.U.Setpoint,11:54,0.0
Stage1.Output.Measurement2.U.Setpoint,11:54,0.0
Stage1.Output.Measurement2.U.Setpoint,11:54,0.0
Stage1.Output.Measurement2.U.Setpoint,11:54,0.0
Stage1.Output.Measurement2.U.Setpoint,11:54,0.0
Stage1.Output.Measurement2.U.Setpoint,11:54,0.0
Stage1.Output.Measurement2.U.Setpoint,11:54,0.0
Stage1.Output.Measurement2.U.Setpoint,11:54,0.0
Stage1.Output.Measurement2.U.Setpoint,11:54,0.0
Stage1.Output.Measurement2.U.Setpoint,11:54,0.0
Stage1.Output.Measurement2.U.Setpoint,11:54,0.0
Stage1.Output.Measurement2.U.Setpoint,11:54,0.0
Stage1.Output.Measurement2.U.Setpoint,11:54,0.0
Stage1.Output.Measurement2.U.Setpoint,11:54,0.0
Stage1.Output.Measurement2.U.Setpoint,11:54,0.0
Stage1.Output.Measurement2.U.Setpoint,11:54,0.0
Stage1.Output.Measurement2.U.Setpoint,11:54,0.0
Stage1.Output.Measurement2.U.Setpoint,11:54,0.0
Stage1.Output.Measurement2.U.Setpoint,11:54,0.0
Stage1.Output.Measurement2.U.Setpoint,11:54,0.0
Stage1.Output.Measurement2.U.Setpoint,11:54,0.0
Stage1.Output.Measurement2.U.Setpoint,11:54,0.0
Stage1.Output.Measurement2.U.Setpoint,11:54,0.0
Stage1.Output.Measurement2.U.Setpoint,11:54,0.0
Stage1.Output.Measurement2.U.Setpoint,11:54,0.0
Stage1.Output.Measurement2.U.Setpoint,11:54,0.0
Stage1.Output.Measurement2.U.Setpoint,11:54,0.0
Stage1.Output.Measurement2.U.Setpoint,11:54,0.0
Stage1.Output.Measurement2.U.Setpoint,11:55,0.0
Stage1.Output.Measurement2.U.Setpoint,11:55,0.0
Stage1.Output.Measurement2.U.Setpoint,12:02,0.0
Stage1.Output.Measurement2.U.Setpoint,12:02,0.0
Stage1.Output.Measurement2.U.Setpoint,12:02,0.0
Stage1.Output.Measurement2.U.Setpoint,12:02,0.0
Stage1.Output.Measurement2.U.Setpoint,12:02,0.0
Stage1.Output.Measurement2.U.Setpoint,12:02,0.0
Stage1.Output.Measurement2.U.Setpoint,12:02,0.0
Stage1.Output.Measurement2.U.Setpoint,12:02,0.0
Stage1.Output.Measurement2.U.Setpoint,12:02,0.0
Stage1.Output.Measurement2.U.Setpoint,12:02,0.0
Stage1.Output.Measurement2.U.Setpoint,12:03,0.0
Stage1.Output.Measurement2.U.Setpoint,12:03,0.0
Stage1.Output.Measurement2.U.Setpoint,12:03,0.0
Stage1.Output.Measurement2.U.Setpoint,12:03,0.0
Stage1.Output.Measurement2.U.Setpoint,12:03,0.0
Stage1.Output.Measurement2.U.Setpoint,12:03,0.0
Stage1.Output.Measurement2.U.Setpoint,12:03,0.0
Stage1.Output.Measurement2.U.Setpoint,12:03,0.0
Stage1.Output.Measurement2.U.Setpoint,12:03,0.0
Stage1.Output.Measurement2.U.Setpoint,12:03,0.0
Stage1.Output.Measurement2.U.Setpoint,12:03,0.0
